2026-01-05 04:59:52,574 - Knowledge - INFO - Created shared MongoDB connection pool
2026-01-05 04:59:52,899 - Knowledge - INFO - Starting Knowledge Graph processing with 20 threads
2026-01-05 04:59:53,072 - Knowledge - INFO - Initial configuration: chunk_size=65536, max_cache_size=500
2026-01-05 04:59:53,249 - Knowledge - INFO - Knowledge Graph concurrency configuration: workers=20, max_batch_size=10, max_concurrent_llm_calls=50
2026-01-05 04:59:54,780 - Knowledge - INFO - 🔍 _load_persisted_knowledge called - checking for Redis optimization
2026-01-05 04:59:54,954 - Knowledge - WARNING - ❌ load_from_redis method not found - Redis support not attached
2026-01-05 04:59:55,143 - Knowledge - INFO - load persisted knowledge: begin
2026-01-05 04:59:55,352 - Knowledge - INFO - Loaded 0 files from persisted knowledge
2026-01-05 04:59:55,551 - Knowledge - INFO - load persisted knowledge: end
2026-01-05 04:59:55,712 - Knowledge - WARNING - No persisted knowledge found. Files will be queued during start()
2026-01-05 04:59:55,939 - Knowledge - INFO - Redis support added with prefix knowledge:b9780y6:
2026-01-05 04:59:56,212 - Knowledge - INFO - Starting knowledge initialization for ID: mha9ay-b9780y6
2026-01-05 04:59:56,409 - Knowledge - INFO - 🔍 Checking Redis for build_id: b9780y6
2026-01-05 04:59:56,587 - Knowledge - INFO - 🔍 Full session ID: mha9ay-b9780y6
2026-01-05 04:59:56,825 - Knowledge - INFO - 🔍 Redis prefix will be: knowledge:b9780y6:
2026-01-05 04:59:56,999 - Knowledge - INFO - 🔍 Using attached load_from_redis() method
2026-01-05 04:59:57,153 - Knowledge - INFO - 🔍 Attempting to load knowledge from Redis...
2026-01-05 04:59:57,368 - Knowledge - INFO - 🔍 Using derived instance_id for Redis lookup: b9780y6
2026-01-05 04:59:57,557 - Knowledge - WARNING - ❌ No Redis cache found
2026-01-05 04:59:57,770 - Knowledge - INFO - 📁 Loading knowledge from disk...
2026-01-05 04:59:57,987 - Knowledge - INFO - load persisted docinfo: begin
2026-01-05 04:59:58,199 - Knowledge - INFO - load persisted docinfo: end
2026-01-05 04:59:58,365 - Knowledge - INFO - 🔍 _load_persisted_knowledge called - checking for Redis optimization
2026-01-05 04:59:58,557 - Knowledge - INFO - ✅ load_from_redis method found - attempting Redis load
2026-01-05 04:59:58,732 - Knowledge - INFO - 🔍 Attempting to load knowledge from Redis...
2026-01-05 04:59:58,893 - Knowledge - INFO - 🔍 Using derived instance_id for Redis lookup: b9780y6
2026-01-05 04:59:59,062 - Knowledge - WARNING - ❌ No Redis cache found
2026-01-05 04:59:59,235 - Knowledge - INFO - ❌ Redis load returned False - falling back to file loading
2026-01-05 04:59:59,428 - Knowledge - INFO - load persisted knowledge: begin
2026-01-05 04:59:59,610 - Knowledge - INFO - Loaded 0 files from persisted knowledge
2026-01-05 04:59:59,841 - Knowledge - INFO - load persisted knowledge: end
2026-01-05 05:00:00,046 - Knowledge - INFO - 📁 Disk load complete in 2.10s
2026-01-05 05:00:00,287 - Knowledge - INFO - Populating ingest queue with source files...
2026-01-05 05:00:00,549 - Knowledge - INFO - Added 50 files from /app/data/tataelxsimockapisolutions5451/7903/b9780y6/Online-Examination-System-7903 to ingest queue
2026-01-05 05:00:00,717 - Knowledge - INFO - [WEBSOCKET] Sent: Type=progress_update, Size: 159, Duration: 0ms
2026-01-05 05:00:00,952 - Knowledge - INFO - Worker kw1 created using shared MongoDB connection pool
2026-01-05 05:00:01,158 - Knowledge - INFO - knowledge worker kw1 start
2026-01-05 05:00:01,158 - Knowledge - INFO - Worker kw2 created using shared MongoDB connection pool
2026-01-05 05:00:01,353 - Knowledge - INFO - [kw1] Queue=50, InProgress=0, PendingWorkers=0/1, Completed=0/50 (0.0%)
2026-01-05 05:00:01,452 - Knowledge - INFO - knowledge worker kw2 start
2026-01-05 05:00:01,452 - Knowledge - INFO - Worker kw3 created using shared MongoDB connection pool
2026-01-05 05:00:01,591 - Knowledge - INFO - Batch sizing: calculated=4, max_allowed=10, queue=50, active_workers=0/2
2026-01-05 05:00:01,714 - Knowledge - INFO - [kw2] Queue=50, InProgress=0, PendingWorkers=0/2, Completed=0/50 (0.0%)
2026-01-05 05:00:01,788 - Knowledge - INFO - knowledge worker kw3 start
2026-01-05 05:00:01,790 - Knowledge - INFO - Worker kw4 created using shared MongoDB connection pool
2026-01-05 05:00:01,867 - Knowledge - INFO - Worker kw1 processing /app/data/tataelxsimockapisolutions5451/7903/b9780y6/Online-Examination-System-7903/OnlineExamSystem/DownloadPdf.aspx.cs
2026-01-05 05:00:01,978 - Knowledge - INFO - Batch sizing: calculated=4, max_allowed=10, queue=50, active_workers=1/3
2026-01-05 05:00:02,058 - Knowledge - INFO - [kw3] Queue=46, InProgress=0, PendingWorkers=1/3, Completed=0/50 (0.0%)
2026-01-05 05:00:02,133 - Knowledge - INFO - knowledge worker kw4 start
2026-01-05 05:00:02,133 - Knowledge - INFO - Worker kw5 created using shared MongoDB connection pool
2026-01-05 05:00:02,213 - Knowledge - INFO - Fast-tracked /app/data/tataelxsimockapisolutions5451/7903/b9780y6/Online-Examination-System-7903/OnlineExamSystem/DownloadPdf.aspx.cs (ext=.cs, size=1655)
2026-01-05 05:00:02,375 - Knowledge - INFO - Worker kw2 processing /app/data/tataelxsimockapisolutions5451/7903/b9780y6/Online-Examination-System-7903/OnlineExamSystem/TakenCourses.aspx.designer.cs
2026-01-05 05:00:02,477 - Knowledge - INFO - Batch sizing: calculated=4, max_allowed=10, queue=46, active_workers=2/4
2026-01-05 05:00:02,560 - Knowledge - INFO - [kw4] Queue=42, InProgress=0, PendingWorkers=2/4, Completed=0/50 (0.0%)
2026-01-05 05:00:02,648 - Knowledge - INFO - knowledge worker kw5 start
2026-01-05 05:00:02,648 - Knowledge - INFO - Worker kw6 created using shared MongoDB connection pool
2026-01-05 05:00:02,736 - Knowledge - INFO - Worker kw1 processing /app/data/tataelxsimockapisolutions5451/7903/b9780y6/Online-Examination-System-7903/OnlineExamSystem/SignUpPage.aspx.designer.cs
2026-01-05 05:00:02,864 - Knowledge - INFO - Worker kw2 processing /app/data/tataelxsimockapisolutions5451/7903/b9780y6/Online-Examination-System-7903/OnlineExamSystem/SetExam.aspx.designer.cs
2026-01-05 05:00:02,945 - Knowledge - INFO - Worker kw3 processing /app/data/tataelxsimockapisolutions5451/7903/b9780y6/Online-Examination-System-7903/OnlineExamSystem/EditMCQ.aspx.designer.cs
2026-01-05 05:00:03,053 - Knowledge - INFO - Batch sizing: calculated=4, max_allowed=10, queue=42, active_workers=3/5
2026-01-05 05:00:03,159 - Knowledge - INFO - [kw5] Queue=38, InProgress=0, PendingWorkers=3/5, Completed=0/50 (0.0%)
2026-01-05 05:00:03,252 - Knowledge - INFO - knowledge worker kw6 start
2026-01-05 05:00:03,252 - Knowledge - INFO - Worker kw7 created using shared MongoDB connection pool
2026-01-05 05:00:03,357 - Knowledge - INFO - Worker kw1 processing /app/data/tataelxsimockapisolutions5451/7903/b9780y6/Online-Examination-System-7903/OnlineExamSystem/ShowAns.aspx.designer.cs
2026-01-05 05:00:03,466 - Knowledge - INFO - Worker kw2 processing /app/data/tataelxsimockapisolutions5451/7903/b9780y6/Online-Examination-System-7903/OnlineExamSystem/TheoryExam.aspx.cs
2026-01-05 05:00:03,557 - Knowledge - INFO - Worker kw3 processing /app/data/tataelxsimockapisolutions5451/7903/b9780y6/Online-Examination-System-7903/OnlineExamSystem/TheorySet.aspx.designer.cs
2026-01-05 05:00:03,660 - Knowledge - INFO - Worker kw4 processing /app/data/tataelxsimockapisolutions5451/7903/b9780y6/Online-Examination-System-7903/OnlineExamSystem/AdminQueue.aspx.cs
2026-01-05 05:00:03,749 - Knowledge - INFO - Batch sizing: calculated=4, max_allowed=10, queue=38, active_workers=4/6
2026-01-05 05:00:03,832 - Knowledge - INFO - [kw6] Queue=34, InProgress=0, PendingWorkers=4/6, Completed=0/50 (0.0%)
2026-01-05 05:00:03,906 - Knowledge - INFO - knowledge worker kw7 start
2026-01-05 05:00:03,906 - Knowledge - INFO - Worker kw8 created using shared MongoDB connection pool
2026-01-05 05:00:04,003 - Knowledge - INFO - Worker kw1 processing /app/data/tataelxsimockapisolutions5451/7903/b9780y6/Online-Examination-System-7903/OnlineExamSystem/ExamResult.aspx.cs
2026-01-05 05:00:04,107 - Knowledge - INFO - Worker kw2 processing /app/data/tataelxsimockapisolutions5451/7903/b9780y6/Online-Examination-System-7903/OnlineExamSystem/LoginPage.aspx.cs
2026-01-05 05:00:04,232 - Knowledge - INFO - Worker kw3 processing /app/data/tataelxsimockapisolutions5451/7903/b9780y6/Online-Examination-System-7903/OnlineExamSystem/AdminLeaderboard.aspx.cs
2026-01-05 05:00:04,326 - Knowledge - INFO - Fast-tracked /app/data/tataelxsimockapisolutions5451/7903/b9780y6/Online-Examination-System-7903/OnlineExamSystem/AdminQueue.aspx.cs (ext=.cs, size=1159)
2026-01-05 05:00:04,413 - Knowledge - INFO - Worker kw5 processing /app/data/tataelxsimockapisolutions5451/7903/b9780y6/Online-Examination-System-7903/OnlineExamSystem/AdminPanel.aspx.designer.cs
2026-01-05 05:00:04,486 - Knowledge - INFO - Batch sizing: calculated=4, max_allowed=10, queue=34, active_workers=5/7
2026-01-05 05:00:04,571 - Knowledge - INFO - [kw7] Queue=30, InProgress=0, PendingWorkers=5/7, Completed=0/50 (0.0%)
2026-01-05 05:00:04,665 - Knowledge - INFO - knowledge worker kw8 start
2026-01-05 05:00:04,665 - Knowledge - INFO - Worker kw9 created using shared MongoDB connection pool
2026-01-05 05:00:04,920 - Knowledge - INFO - Worker kw3 processing /app/data/tataelxsimockapisolutions5451/7903/b9780y6/Online-Examination-System-7903/OnlineExamSystem/AdminCourseQueue.aspx.designer.cs
2026-01-05 05:00:05,008 - Knowledge - INFO - Worker kw4 processing /app/data/tataelxsimockapisolutions5451/7903/b9780y6/Online-Examination-System-7903/OnlineExamSystem/Leaderboard.aspx.designer.cs
2026-01-05 05:00:05,127 - Knowledge - INFO - Worker kw5 processing /app/data/tataelxsimockapisolutions5451/7903/b9780y6/Online-Examination-System-7903/OnlineExamSystem/StartExam.aspx.designer.cs
2026-01-05 05:00:05,229 - Knowledge - INFO - Worker kw6 processing /app/data/tataelxsimockapisolutions5451/7903/b9780y6/Online-Examination-System-7903/OnlineExamSystem/UserProfile.aspx.cs
2026-01-05 05:00:05,323 - Knowledge - INFO - Batch sizing: calculated=4, max_allowed=10, queue=30, active_workers=6/8
2026-01-05 05:00:05,443 - Knowledge - INFO - [kw8] Queue=26, InProgress=0, PendingWorkers=6/8, Completed=0/50 (0.0%)
2026-01-05 05:00:05,533 - Knowledge - INFO - knowledge worker kw9 start
2026-01-05 05:00:05,533 - Knowledge - INFO - Worker kw10 created using shared MongoDB connection pool
2026-01-05 05:00:05,721 - Knowledge - INFO - Worker kw4 processing /app/data/tataelxsimockapisolutions5451/7903/b9780y6/Online-Examination-System-7903/OnlineExamSystem/MCQExam.aspx.cs
2026-01-05 05:00:05,805 - Knowledge - INFO - Worker kw5 processing /app/data/tataelxsimockapisolutions5451/7903/b9780y6/Online-Examination-System-7903/OnlineExamSystem/Dashboard.aspx.cs
2026-01-05 05:00:05,899 - Knowledge - INFO - Worker kw6 processing /app/data/tataelxsimockapisolutions5451/7903/b9780y6/Online-Examination-System-7903/OnlineExamSystem/EditTheory.aspx.designer.cs
2026-01-05 05:00:05,997 - Knowledge - INFO - Worker kw7 processing /app/data/tataelxsimockapisolutions5451/7903/b9780y6/Online-Examination-System-7903/OnlineExamSystem/MCQExam.aspx.designer.cs
2026-01-05 05:00:06,117 - Knowledge - INFO - Batch sizing: calculated=4, max_allowed=10, queue=26, active_workers=7/9
2026-01-05 05:00:06,226 - Knowledge - INFO - [kw9] Queue=22, InProgress=0, PendingWorkers=7/9, Completed=0/50 (0.0%)
2026-01-05 05:00:06,312 - Knowledge - INFO - knowledge worker kw10 start
2026-01-05 05:00:06,314 - Knowledge - INFO - Worker kw11 created using shared MongoDB connection pool
2026-01-05 05:00:06,444 - Knowledge - INFO - Worker kw4 processing /app/data/tataelxsimockapisolutions5451/7903/b9780y6/Online-Examination-System-7903/OnlineExamSystem/MCQSet.aspx.designer.cs
2026-01-05 05:00:06,546 - Knowledge - INFO - Fast-tracked /app/data/tataelxsimockapisolutions5451/7903/b9780y6/Online-Examination-System-7903/OnlineExamSystem/Dashboard.aspx.cs (ext=.cs, size=1014)
2026-01-05 05:00:06,623 - Knowledge - INFO - Worker kw6 processing /app/data/tataelxsimockapisolutions5451/7903/b9780y6/Online-Examination-System-7903/OnlineExamSystem/ShowAns.aspx.cs
2026-01-05 05:00:06,744 - Knowledge - INFO - Worker kw7 processing /app/data/tataelxsimockapisolutions5451/7903/b9780y6/Online-Examination-System-7903/OnlineExamSystem/CSS/bootstrap.css
2026-01-05 05:00:06,837 - Knowledge - INFO - Worker kw8 processing /app/data/tataelxsimockapisolutions5451/7903/b9780y6/Online-Examination-System-7903/OnlineExamSystem/Dashboard.aspx.designer.cs
2026-01-05 05:00:06,936 - Knowledge - INFO - Batch sizing: calculated=4, max_allowed=10, queue=22, active_workers=8/10
2026-01-05 05:00:07,025 - Knowledge - INFO - [kw10] Queue=18, InProgress=0, PendingWorkers=8/10, Completed=0/50 (0.0%)
2026-01-05 05:00:07,102 - Knowledge - INFO - knowledge worker kw11 start
2026-01-05 05:00:07,102 - Knowledge - INFO - Worker kw12 created using shared MongoDB connection pool
2026-01-05 05:00:07,316 - Knowledge - INFO - Worker kw5 processing /app/data/tataelxsimockapisolutions5451/7903/b9780y6/Online-Examination-System-7903/OnlineExamSystem/EditExam.aspx.designer.cs
2026-01-05 05:00:07,403 - Knowledge - INFO - Worker kw6 processing /app/data/tataelxsimockapisolutions5451/7903/b9780y6/Online-Examination-System-7903/OnlineExamSystem/SignUpPage.aspx.cs
2026-01-05 05:00:07,497 - Knowledge - INFO - Fast-tracked /app/data/tataelxsimockapisolutions5451/7903/b9780y6/Online-Examination-System-7903/OnlineExamSystem/CSS/bootstrap.css (ext=.css, size=260877)
2026-01-05 05:00:07,570 - Knowledge - INFO - Worker kw8 processing /app/data/tataelxsimockapisolutions5451/7903/b9780y6/Online-Examination-System-7903/OnlineExamSystem/SetExam.aspx.cs
2026-01-05 05:00:07,661 - Knowledge - INFO - Worker kw9 processing /app/data/tataelxsimockapisolutions5451/7903/b9780y6/Online-Examination-System-7903/OnlineExamSystem/UserProfile.aspx.designer.cs
2026-01-05 05:00:07,744 - Knowledge - INFO - Batch sizing: calculated=4, max_allowed=10, queue=18, active_workers=9/11
2026-01-05 05:00:07,831 - Knowledge - INFO - [kw11] Queue=14, InProgress=0, PendingWorkers=9/11, Completed=0/50 (0.0%)
2026-01-05 05:00:07,926 - Knowledge - INFO - knowledge worker kw12 start
2026-01-05 05:00:07,926 - Knowledge - INFO - Worker kw13 created using shared MongoDB connection pool
2026-01-05 05:00:08,134 - Knowledge - INFO - Fast-tracked /app/data/tataelxsimockapisolutions5451/7903/b9780y6/Online-Examination-System-7903/OnlineExamSystem/UserProfile.aspx.cs (small file (2748 bytes))
2026-01-05 05:00:08,250 - Knowledge - INFO - Worker kw7 processing /app/data/tataelxsimockapisolutions5451/7903/b9780y6/Online-Examination-System-7903/OnlineExamSystem/EditMCQ.aspx.cs
2026-01-05 05:00:08,355 - Knowledge - INFO - Fast-tracked /app/data/tataelxsimockapisolutions5451/7903/b9780y6/Online-Examination-System-7903/OnlineExamSystem/SetExam.aspx.cs (ext=.cs, size=1303)
2026-01-05 05:00:08,453 - Knowledge - INFO - Worker kw9 processing /app/data/tataelxsimockapisolutions5451/7903/b9780y6/Online-Examination-System-7903/OnlineExamSystem/Properties/AssemblyInfo.cs
2026-01-05 05:00:08,540 - Knowledge - INFO - Worker kw10 processing /app/data/tataelxsimockapisolutions5451/7903/b9780y6/Online-Examination-System-7903/OnlineExamSystem/LoginPage.aspx.designer.cs
2026-01-05 05:00:08,627 - Knowledge - INFO - Batch sizing: calculated=4, max_allowed=10, queue=14, active_workers=10/12
2026-01-05 05:00:08,720 - Knowledge - INFO - [kw12] Queue=10, InProgress=0, PendingWorkers=10/12, Completed=0/50 (0.0%)
2026-01-05 05:00:08,828 - Knowledge - INFO - knowledge worker kw13 start
2026-01-05 05:00:08,828 - Knowledge - INFO - Worker kw14 created using shared MongoDB connection pool
2026-01-05 05:00:08,990 - Knowledge - INFO - Worker kw7 processing /app/data/tataelxsimockapisolutions5451/7903/b9780y6/Online-Examination-System-7903/OnlineExamSystem/TheorySet.aspx.cs
2026-01-05 05:00:09,082 - Knowledge - INFO - Worker kw8 processing /app/data/tataelxsimockapisolutions5451/7903/b9780y6/Online-Examination-System-7903/OnlineExamSystem/TakenCourses.aspx.cs
2026-01-05 05:00:09,172 - Knowledge - INFO - Fast-tracked /app/data/tataelxsimockapisolutions5451/7903/b9780y6/Online-Examination-System-7903/OnlineExamSystem/Properties/AssemblyInfo.cs (ext=.cs, size=1403)
2026-01-05 05:00:09,294 - Knowledge - INFO - Worker kw10 processing /app/data/tataelxsimockapisolutions5451/7903/b9780y6/Online-Examination-System-7903/OnlineExamSystem/MCQSet.aspx.cs
2026-01-05 05:00:09,382 - Knowledge - INFO - Worker kw11 processing /app/data/tataelxsimockapisolutions5451/7903/b9780y6/Online-Examination-System-7903/OnlineExamSystem/ExamResult.aspx.designer.cs
2026-01-05 05:00:09,454 - Knowledge - INFO - Batch sizing: calculated=4, max_allowed=10, queue=10, active_workers=11/13
2026-01-05 05:00:09,553 - Knowledge - INFO - [kw13] Queue=6, InProgress=0, PendingWorkers=11/13, Completed=0/50 (0.0%)
2026-01-05 05:00:09,637 - Knowledge - INFO - knowledge worker kw14 start
2026-01-05 05:00:09,638 - Knowledge - INFO - Worker kw15 created using shared MongoDB connection pool
2026-01-05 05:00:09,803 - Knowledge - INFO - Fast-tracked /app/data/tataelxsimockapisolutions5451/7903/b9780y6/Online-Examination-System-7903/OnlineExamSystem/TakenCourses.aspx.cs (ext=.cs, size=926)
2026-01-05 05:00:09,903 - Knowledge - INFO - Worker kw9 processing /app/data/tataelxsimockapisolutions5451/7903/b9780y6/Online-Examination-System-7903/OnlineExamSystem/TheoryExam.aspx.designer.cs
2026-01-05 05:00:10,014 - Knowledge - INFO - Worker kw10 processing /app/data/tataelxsimockapisolutions5451/7903/b9780y6/Online-Examination-System-7903/OnlineExamSystem/AdminLeaderboard.aspx.designer.cs
2026-01-05 05:00:10,114 - Knowledge - INFO - Worker kw11 processing /app/data/tataelxsimockapisolutions5451/7903/b9780y6/Online-Examination-System-7903/OnlineExamSystem/StartExam.aspx.cs
2026-01-05 05:00:10,189 - Knowledge - INFO - Worker kw12 processing /app/data/tataelxsimockapisolutions5451/7903/b9780y6/Online-Examination-System-7903/OnlineExamSystem/EditExam.aspx.cs
2026-01-05 05:00:10,316 - Knowledge - INFO - Batch sizing: calculated=4, max_allowed=10, queue=6, active_workers=12/14
2026-01-05 05:00:10,413 - Knowledge - INFO - [kw14] Queue=2, InProgress=0, PendingWorkers=12/14, Completed=0/50 (0.0%)
2026-01-05 05:00:10,507 - Knowledge - INFO - knowledge worker kw15 start
2026-01-05 05:00:10,507 - Knowledge - INFO - Worker kw16 created using shared MongoDB connection pool
2026-01-05 05:00:10,639 - Knowledge - INFO - Worker kw8 processing /app/data/tataelxsimockapisolutions5451/7903/b9780y6/Online-Examination-System-7903/OnlineExamSystem/AdminCourseQueue.aspx.cs
2026-01-05 05:00:10,733 - Knowledge - INFO - Worker kw9 processing /app/data/tataelxsimockapisolutions5451/7903/b9780y6/Online-Examination-System-7903/OnlineExamSystem/Leaderboard.aspx.cs
2026-01-05 05:00:10,815 - Knowledge - INFO - Worker kw10 processing /app/data/tataelxsimockapisolutions5451/7903/b9780y6/Online-Examination-System-7903/OnlineExamSystem/AdminQueue.aspx.designer.cs
2026-01-05 05:00:10,911 - Knowledge - INFO - Worker kw11 processing /app/data/tataelxsimockapisolutions5451/7903/b9780y6/Online-Examination-System-7903/OnlineExamSystem/AdminPanel.aspx.cs
2026-01-05 05:00:11,023 - Knowledge - INFO - Fast-tracked /app/data/tataelxsimockapisolutions5451/7903/b9780y6/Online-Examination-System-7903/OnlineExamSystem/EditExam.aspx.cs (ext=.cs, size=1213)
2026-01-05 05:00:11,105 - Knowledge - INFO - Worker kw13 processing /app/data/tataelxsimockapisolutions5451/7903/b9780y6/Online-Examination-System-7903/database-script/README.md
2026-01-05 05:00:11,224 - Knowledge - INFO - Batch sizing: calculated=2, max_allowed=10, queue=2, active_workers=13/15
2026-01-05 05:00:11,307 - Knowledge - INFO - [WEBSOCKET] Sent: Type=progress_update, Size: 159, Duration: 0ms
2026-01-05 05:00:11,389 - Knowledge - INFO - knowledge worker kw16 start
2026-01-05 05:00:11,389 - Knowledge - INFO - Worker kw17 created using shared MongoDB connection pool
2026-01-05 05:00:11,513 - Knowledge - INFO - Fast-tracked /app/data/tataelxsimockapisolutions5451/7903/b9780y6/Online-Examination-System-7903/OnlineExamSystem/Dashboard.aspx.designer.cs (small file (2951 bytes))
2026-01-05 05:00:11,592 - Knowledge - INFO - Fast-tracked /app/data/tataelxsimockapisolutions5451/7903/b9780y6/Online-Examination-System-7903/OnlineExamSystem/Leaderboard.aspx.cs (ext=.cs, size=1907)
2026-01-05 05:00:11,794 - Knowledge - INFO - Fast-tracked /app/data/tataelxsimockapisolutions5451/7903/b9780y6/Online-Examination-System-7903/OnlineExamSystem/AdminPanel.aspx.cs (ext=.cs, size=1165)
2026-01-05 05:00:11,873 - Knowledge - INFO - Worker kw12 processing /app/data/tataelxsimockapisolutions5451/7903/b9780y6/Online-Examination-System-7903/OnlineExamSystem/EditTheory.aspx.cs
2026-01-05 05:00:11,961 - Knowledge - INFO - Fast-tracked /app/data/tataelxsimockapisolutions5451/7903/b9780y6/Online-Examination-System-7903/database-script/README.md (ext=.md, size=45)
2026-01-05 05:00:12,202 - Knowledge - INFO - [WEBSOCKET] Sent: Type=unknown, Size: ?, Duration: 895ms
2026-01-05 05:00:12,380 - Knowledge - INFO - knowledge worker kw17 start
2026-01-05 05:00:12,382 - Knowledge - INFO - Worker kw18 created using shared MongoDB connection pool
2026-01-05 05:00:12,510 - Knowledge - INFO - Fast-tracked /app/data/tataelxsimockapisolutions5451/7903/b9780y6/Online-Examination-System-7903/OnlineExamSystem/AdminCourseQueue.aspx.cs (small file (2960 bytes))
2026-01-05 05:00:12,680 - Knowledge - INFO - Worker kw11 processing /app/data/tataelxsimockapisolutions5451/7903/b9780y6/Online-Examination-System-7903/OnlineExamSystem/DownloadPdf.aspx.designer.cs
2026-01-05 05:00:12,788 - Knowledge - INFO - Worker kw12 processing /app/data/tataelxsimockapisolutions5451/7903/b9780y6/Online-Examination-System-7903/README.md
2026-01-05 05:00:12,874 - Knowledge - INFO - Worker kw13 processing /app/data/tataelxsimockapisolutions5451/7903/b9780y6/Online-Examination-System-7903/packages/Microsoft.CodeDom.Providers.DotNetCompilerPlatform.1.0.0/lib/net45/Microsoft.CodeDom.Providers.DotNetCompilerPlatform.xml
2026-01-05 05:00:12,972 - Knowledge - INFO - Progress: 0.0% | Files: 0/50 | Rate: 0.00 files/sec | Queue: 0
2026-01-05 05:00:13,213 - Knowledge - INFO - knowledge worker kw18 start
2026-01-05 05:00:13,216 - Knowledge - INFO - Worker kw19 created using shared MongoDB connection pool
2026-01-05 05:00:13,325 - Knowledge - INFO - Processing batch of 4 files
2026-01-05 05:00:13,482 - Knowledge - INFO - Fast-tracked /app/data/tataelxsimockapisolutions5451/7903/b9780y6/Online-Examination-System-7903/README.md (ext=.md, size=1830)
2026-01-05 05:00:13,524 - Knowledge - INFO - Fast-tracked /app/data/tataelxsimockapisolutions5451/7903/b9780y6/Online-Examination-System-7903/OnlineExamSystem/AdminLeaderboard.aspx.cs (small file (2319 bytes))
2026-01-05 05:00:13,563 - Knowledge - INFO - Fast-tracked /app/data/tataelxsimockapisolutions5451/7903/b9780y6/Online-Examination-System-7903/packages/Microsoft.CodeDom.Providers.DotNetCompilerPlatform.1.0.0/lib/net45/Microsoft.CodeDom.Providers.DotNetCompilerPlatform.xml (ext=.xml, size=1805)
2026-01-05 05:00:13,810 - Knowledge - INFO - knowledge worker kw19 start
2026-01-05 05:00:13,812 - Knowledge - INFO - Worker kw20 created using shared MongoDB connection pool
2026-01-05 05:00:13,881 - Knowledge - INFO - process ingested knowledge for /app/data/tataelxsimockapisolutions5451/7903/b9780y6/Online-Examination-System-7903/OnlineExamSystem/Dashboard.aspx.designer.cs
2026-01-05 05:00:13,965 - Knowledge - INFO - Worker kw12 processing /app/data/tataelxsimockapisolutions5451/7903/b9780y6/Online-Examination-System-7903/database-script/Online-Examination-System-Databse-Script.sql
2026-01-05 05:00:14,167 - Knowledge - INFO - Processing batch of 2 files
2026-01-05 05:00:14,385 - Knowledge - INFO - knowledge worker kw20 start
2026-01-05 05:00:14,464 - Knowledge - INFO - process ingested knowledge for /app/data/tataelxsimockapisolutions5451/7903/b9780y6/Online-Examination-System-7903/OnlineExamSystem/SetExam.aspx.cs
2026-01-05 05:00:14,674 - Knowledge - INFO - process ingested knowledge for /app/data/tataelxsimockapisolutions5451/7903/b9780y6/Online-Examination-System-7903/database-script/README.md
2026-01-05 05:00:14,757 - Knowledge - INFO - [WEBSOCKET] Sent: Type=progress_update, Size: 285, Duration: 0ms
2026-01-05 05:00:14,837 - Knowledge - INFO - process ingested knowledge for /app/data/tataelxsimockapisolutions5451/7903/b9780y6/Online-Examination-System-7903/OnlineExamSystem/TakenCourses.aspx.cs
2026-01-05 05:00:14,935 - Knowledge - INFO - process ingested knowledge for /app/data/tataelxsimockapisolutions5451/7903/b9780y6/Online-Examination-System-7903/packages/Microsoft.CodeDom.Providers.DotNetCompilerPlatform.1.0.0/lib/net45/Microsoft.CodeDom.Providers.DotNetCompilerPlatform.xml
2026-01-05 05:00:15,017 - Knowledge - INFO - [WEBSOCKET] Sent: Type=unknown, Size: ?, Duration: 260ms
2026-01-05 05:00:15,104 - Knowledge - INFO - process ingested knowledge for /app/data/tataelxsimockapisolutions5451/7903/b9780y6/Online-Examination-System-7903/OnlineExamSystem/AdminCourseQueue.aspx.cs
2026-01-05 05:00:15,286 - Knowledge - INFO - Progress: 12.0% | Files: 6/50 | Rate: 0.27 files/sec | Queue: 0
2026-01-05 05:00:16,896 - Knowledge - INFO - Fast-tracked /app/data/tataelxsimockapisolutions5451/7903/b9780y6/Online-Examination-System-7903/OnlineExamSystem/LoginPage.aspx.cs (small file (2323 bytes))
2026-01-05 05:00:23,215 - Knowledge - INFO - [LLM_CALL] Completed: TakenCourses.aspx.designer.cs:chunk1, Duration: 18379ms, PromptTokens: 2854, CompletionTokens: 309, Cost: $0.00041
2026-01-05 05:00:23,391 - Knowledge - INFO - done ingest for /app/data/tataelxsimockapisolutions5451/7903/b9780y6/Online-Examination-System-7903/OnlineExamSystem/TakenCourses.aspx.designer.cs
2026-01-05 05:00:23,927 - Knowledge - INFO - [LLM_CALL] Completed: SetExam.aspx.designer.cs:chunk1, Duration: 17283ms, PromptTokens: 2324, CompletionTokens: 287, Cost: $0.00035
2026-01-05 05:00:24,115 - Knowledge - INFO - done ingest for /app/data/tataelxsimockapisolutions5451/7903/b9780y6/Online-Examination-System-7903/OnlineExamSystem/SetExam.aspx.designer.cs
2026-01-05 05:00:24,890 - Knowledge - INFO - Fast-tracked /app/data/tataelxsimockapisolutions5451/7903/b9780y6/Online-Examination-System-7903/database-script/Online-Examination-System-Databse-Script.sql (small file (0 bytes))
2026-01-05 05:00:24,913 - Knowledge - INFO - [LLM_CALL] Completed: TheoryExam.aspx.cs:chunk1, Duration: 15452ms, PromptTokens: 6524, CompletionTokens: 600, Cost: $0.00089
2026-01-05 05:00:25,172 - Knowledge - INFO - done ingest for /app/data/tataelxsimockapisolutions5451/7903/b9780y6/Online-Examination-System-7903/OnlineExamSystem/TheoryExam.aspx.cs
2026-01-05 05:00:25,394 - Knowledge - INFO - Processing batch of 4 files
2026-01-05 05:00:25,618 - Knowledge - INFO - process ingested knowledge for /app/data/tataelxsimockapisolutions5451/7903/b9780y6/Online-Examination-System-7903/OnlineExamSystem/TakenCourses.aspx.designer.cs
2026-01-05 05:00:25,869 - Knowledge - INFO - process ingested knowledge for /app/data/tataelxsimockapisolutions5451/7903/b9780y6/Online-Examination-System-7903/OnlineExamSystem/SetExam.aspx.designer.cs
2026-01-05 05:00:26,232 - Knowledge - INFO - process ingested knowledge for /app/data/tataelxsimockapisolutions5451/7903/b9780y6/Online-Examination-System-7903/OnlineExamSystem/TheoryExam.aspx.cs
2026-01-05 05:00:26,437 - Knowledge - INFO - Fast-tracked /app/data/tataelxsimockapisolutions5451/7903/b9780y6/Online-Examination-System-7903/OnlineExamSystem/SignUpPage.aspx.cs (small file (2642 bytes))
2026-01-05 05:00:26,451 - Knowledge - INFO - process ingested knowledge for /app/data/tataelxsimockapisolutions5451/7903/b9780y6/Online-Examination-System-7903/OnlineExamSystem/LoginPage.aspx.cs
2026-01-05 05:00:29,081 - Knowledge - INFO - [WEBSOCKET] Sent: Type=progress_update, Size: 287, Duration: 0ms
2026-01-05 05:00:29,400 - Knowledge - INFO - [WEBSOCKET] Sent: Type=unknown, Size: ?, Duration: 319ms
2026-01-05 05:00:29,636 - Knowledge - INFO - Progress: 20.0% | Files: 10/50 | Rate: 0.28 files/sec | Queue: 0
2026-01-05 05:00:30,341 - Knowledge - INFO - [LLM_CALL] Completed: EditTheory.aspx.cs:chunk1, Duration: 15793ms, PromptTokens: 6824, CompletionTokens: 592, Cost: $0.00092
2026-01-05 05:00:30,571 - Knowledge - INFO - done ingest for /app/data/tataelxsimockapisolutions5451/7903/b9780y6/Online-Examination-System-7903/OnlineExamSystem/EditTheory.aspx.cs
2026-01-05 05:00:31,543 - Knowledge - INFO - Processing batch of 4 files
2026-01-05 05:00:31,777 - Knowledge - INFO - process ingested knowledge for /app/data/tataelxsimockapisolutions5451/7903/b9780y6/Online-Examination-System-7903/OnlineExamSystem/EditExam.aspx.cs
2026-01-05 05:00:31,951 - Knowledge - INFO - [LLM_CALL] Completed: TheorySet.aspx.designer.cs:chunk1, Duration: 23823ms, PromptTokens: 4398, CompletionTokens: 378, Cost: $0.00059
2026-01-05 05:00:32,208 - Knowledge - INFO - done ingest for /app/data/tataelxsimockapisolutions5451/7903/b9780y6/Online-Examination-System-7903/OnlineExamSystem/TheorySet.aspx.designer.cs
2026-01-05 05:00:32,253 - Knowledge - INFO - process ingested knowledge for /app/data/tataelxsimockapisolutions5451/7903/b9780y6/Online-Examination-System-7903/OnlineExamSystem/EditTheory.aspx.cs
2026-01-05 05:00:32,733 - Knowledge - INFO - [LLM_CALL] Completed: ExamResult.aspx.cs:chunk1, Duration: 19761ms, PromptTokens: 2534, CompletionTokens: 427, Cost: $0.00042
2026-01-05 05:00:32,965 - Knowledge - INFO - process ingested knowledge for /app/data/tataelxsimockapisolutions5451/7903/b9780y6/Online-Examination-System-7903/README.md
2026-01-05 05:00:33,070 - Knowledge - INFO - done ingest for /app/data/tataelxsimockapisolutions5451/7903/b9780y6/Online-Examination-System-7903/OnlineExamSystem/ExamResult.aspx.cs
2026-01-05 05:00:33,294 - Knowledge - INFO - process ingested knowledge for /app/data/tataelxsimockapisolutions5451/7903/b9780y6/Online-Examination-System-7903/database-script/Online-Examination-System-Databse-Script.sql
2026-01-05 05:00:34,228 - Knowledge - INFO - [LLM_CALL] Completed: ShowAns.aspx.cs:chunk1, Duration: 18942ms, PromptTokens: 5284, CompletionTokens: 551, Cost: $0.00075
2026-01-05 05:00:34,923 - Knowledge - INFO - done ingest for /app/data/tataelxsimockapisolutions5451/7903/b9780y6/Online-Examination-System-7903/OnlineExamSystem/ShowAns.aspx.cs
2026-01-05 05:00:34,936 - Knowledge - INFO - [LLM_CALL] Completed: EditMCQ.aspx.designer.cs:chunk1, Duration: 29302ms, PromptTokens: 2742, CompletionTokens: 335, Cost: $0.00041
2026-01-05 05:00:35,377 - Knowledge - INFO - done ingest for /app/data/tataelxsimockapisolutions5451/7903/b9780y6/Online-Examination-System-7903/OnlineExamSystem/EditMCQ.aspx.designer.cs
2026-01-05 05:00:37,144 - Knowledge - INFO - [LLM_CALL] Completed: AdminCourseQueue.aspx.designer.cs:chunk1, Duration: 23088ms, PromptTokens: 2336, CompletionTokens: 278, Cost: $0.00034
2026-01-05 05:00:37,378 - Knowledge - INFO - done ingest for /app/data/tataelxsimockapisolutions5451/7903/b9780y6/Online-Examination-System-7903/OnlineExamSystem/AdminCourseQueue.aspx.designer.cs
2026-01-05 05:00:38,197 - Knowledge - INFO - [LLM_CALL] Completed: EditTheory.aspx.designer.cs:chunk1, Duration: 29289ms, PromptTokens: 2738, CompletionTokens: 321, Cost: $0.00040
2026-01-05 05:00:38,411 - Knowledge - INFO - done ingest for /app/data/tataelxsimockapisolutions5451/7903/b9780y6/Online-Examination-System-7903/OnlineExamSystem/EditTheory.aspx.designer.cs
2026-01-05 05:00:38,469 - Knowledge - INFO - Processing batch of 4 files
2026-01-05 05:00:38,573 - Knowledge - INFO - [WEBSOCKET] Sent: Type=progress_update, Size: 287, Duration: 0ms
2026-01-05 05:00:38,790 - Knowledge - INFO - process ingested knowledge for /app/data/tataelxsimockapisolutions5451/7903/b9780y6/Online-Examination-System-7903/OnlineExamSystem/EditMCQ.aspx.designer.cs
2026-01-05 05:00:39,176 - Knowledge - INFO - Processing batch of 4 files
2026-01-05 05:00:39,200 - Knowledge - INFO - [WEBSOCKET] Sent: Type=unknown, Size: ?, Duration: 627ms
2026-01-05 05:00:39,414 - Knowledge - INFO - process ingested knowledge for /app/data/tataelxsimockapisolutions5451/7903/b9780y6/Online-Examination-System-7903/OnlineExamSystem/TheorySet.aspx.designer.cs
2026-01-05 05:00:39,425 - Knowledge - INFO - process ingested knowledge for /app/data/tataelxsimockapisolutions5451/7903/b9780y6/Online-Examination-System-7903/OnlineExamSystem/UserProfile.aspx.cs
2026-01-05 05:00:39,682 - Knowledge - INFO - Progress: 36.0% | Files: 22/50 | Rate: 0.48 files/sec | Queue: 0
2026-01-05 05:00:40,121 - Knowledge - INFO - process ingested knowledge for /app/data/tataelxsimockapisolutions5451/7903/b9780y6/Online-Examination-System-7903/OnlineExamSystem/EditTheory.aspx.designer.cs
2026-01-05 05:00:40,154 - Knowledge - INFO - process ingested knowledge for /app/data/tataelxsimockapisolutions5451/7903/b9780y6/Online-Examination-System-7903/OnlineExamSystem/AdminLeaderboard.aspx.cs
2026-01-05 05:00:40,987 - Knowledge - INFO - process ingested knowledge for /app/data/tataelxsimockapisolutions5451/7903/b9780y6/Online-Examination-System-7903/OnlineExamSystem/ShowAns.aspx.cs
2026-01-05 05:00:41,092 - Knowledge - INFO - process ingested knowledge for /app/data/tataelxsimockapisolutions5451/7903/b9780y6/Online-Examination-System-7903/OnlineExamSystem/AdminCourseQueue.aspx.designer.cs
2026-01-05 05:00:41,542 - Knowledge - INFO - process ingested knowledge for /app/data/tataelxsimockapisolutions5451/7903/b9780y6/Online-Examination-System-7903/OnlineExamSystem/SignUpPage.aspx.cs
2026-01-05 05:00:42,333 - Knowledge - INFO - [LLM_CALL] Completed: ShowAns.aspx.designer.cs:chunk1, Duration: 34970ms, PromptTokens: 9958, CompletionTokens: 648, Cost: $0.00126
2026-01-05 05:00:42,618 - Knowledge - INFO - done ingest for /app/data/tataelxsimockapisolutions5451/7903/b9780y6/Online-Examination-System-7903/OnlineExamSystem/ShowAns.aspx.designer.cs
2026-01-05 05:00:42,625 - Knowledge - INFO - [LLM_CALL] Completed: StartExam.aspx.designer.cs:chunk1, Duration: 29227ms, PromptTokens: 3506, CompletionTokens: 362, Cost: $0.00050
2026-01-05 05:00:43,039 - Knowledge - INFO - done ingest for /app/data/tataelxsimockapisolutions5451/7903/b9780y6/Online-Examination-System-7903/OnlineExamSystem/StartExam.aspx.designer.cs
2026-01-05 05:00:43,054 - Knowledge - INFO - [LLM_CALL] Completed: UserProfile.aspx.designer.cs:chunk1, Duration: 30081ms, PromptTokens: 4076, CompletionTokens: 329, Cost: $0.00054
2026-01-05 05:00:43,492 - Knowledge - INFO - done ingest for /app/data/tataelxsimockapisolutions5451/7903/b9780y6/Online-Examination-System-7903/OnlineExamSystem/UserProfile.aspx.designer.cs
2026-01-05 05:00:43,504 - Knowledge - INFO - [LLM_CALL] Completed: SignUpPage.aspx.designer.cs:chunk1, Duration: 38756ms, PromptTokens: 4530, CompletionTokens: 386, Cost: $0.00061
2026-01-05 05:00:44,054 - Knowledge - INFO - done ingest for /app/data/tataelxsimockapisolutions5451/7903/b9780y6/Online-Examination-System-7903/OnlineExamSystem/SignUpPage.aspx.designer.cs
2026-01-05 05:00:44,614 - Knowledge - INFO - [LLM_CALL] Completed: EditExam.aspx.designer.cs:chunk1, Duration: 23691ms, PromptTokens: 2328, CompletionTokens: 288, Cost: $0.00035
2026-01-05 05:00:44,799 - Knowledge - INFO - done ingest for /app/data/tataelxsimockapisolutions5451/7903/b9780y6/Online-Examination-System-7903/OnlineExamSystem/EditExam.aspx.designer.cs
2026-01-05 05:00:44,799 - Knowledge - INFO - [LLM_CALL] Completed: MCQSet.aspx.designer.cs:chunk1, Duration: 21159ms, PromptTokens: 5186, CompletionTokens: 433, Cost: $0.00069
2026-01-05 05:00:45,180 - Knowledge - INFO - done ingest for /app/data/tataelxsimockapisolutions5451/7903/b9780y6/Online-Examination-System-7903/OnlineExamSystem/MCQSet.aspx.designer.cs
2026-01-05 05:00:45,710 - Knowledge - INFO - Processing batch of 4 files
2026-01-05 05:00:45,989 - Knowledge - INFO - [LLM_CALL] Completed: AdminPanel.aspx.designer.cs:chunk1, Duration: 37937ms, PromptTokens: 2324, CompletionTokens: 257, Cost: $0.00034
2026-01-05 05:00:46,021 - Knowledge - INFO - process ingested knowledge for /app/data/tataelxsimockapisolutions5451/7903/b9780y6/Online-Examination-System-7903/OnlineExamSystem/DownloadPdf.aspx.cs
2026-01-05 05:00:46,283 - Knowledge - INFO - done ingest for /app/data/tataelxsimockapisolutions5451/7903/b9780y6/Online-Examination-System-7903/OnlineExamSystem/AdminPanel.aspx.designer.cs
2026-01-05 05:00:46,528 - Knowledge - INFO - [LLM_CALL] Completed: Leaderboard.aspx.designer.cs:chunk1, Duration: 39336ms, PromptTokens: 2334, CompletionTokens: 279, Cost: $0.00034
2026-01-05 05:00:47,225 - Knowledge - INFO - done ingest for /app/data/tataelxsimockapisolutions5451/7903/b9780y6/Online-Examination-System-7903/OnlineExamSystem/Leaderboard.aspx.designer.cs
2026-01-05 05:00:47,303 - Knowledge - INFO - [LLM_CALL] Completed: TheoryExam.aspx.designer.cs:chunk1, Duration: 23764ms, PromptTokens: 7834, CompletionTokens: 502, Cost: $0.00098
2026-01-05 05:00:47,379 - Knowledge - INFO - process ingested knowledge for /app/data/tataelxsimockapisolutions5451/7903/b9780y6/Online-Examination-System-7903/OnlineExamSystem/SignUpPage.aspx.designer.cs
2026-01-05 05:00:47,615 - Knowledge - INFO - done ingest for /app/data/tataelxsimockapisolutions5451/7903/b9780y6/Online-Examination-System-7903/OnlineExamSystem/TheoryExam.aspx.designer.cs
2026-01-05 05:00:47,670 - Knowledge - INFO - [WEBSOCKET] Sent: Type=progress_update, Size: 289, Duration: 38ms
2026-01-05 05:00:47,887 - Knowledge - INFO - process ingested knowledge for /app/data/tataelxsimockapisolutions5451/7903/b9780y6/Online-Examination-System-7903/OnlineExamSystem/ShowAns.aspx.designer.cs
2026-01-05 05:00:48,073 - Knowledge - INFO - [WEBSOCKET] Sent: Type=unknown, Size: ?, Duration: 440ms
2026-01-05 05:00:48,389 - Knowledge - INFO - Progress: 52.0% | Files: 28/50 | Rate: 0.51 files/sec | Queue: 0
2026-01-05 05:00:48,479 - Knowledge - INFO - process ingested knowledge for /app/data/tataelxsimockapisolutions5451/7903/b9780y6/Online-Examination-System-7903/OnlineExamSystem/ExamResult.aspx.cs
2026-01-05 05:00:48,522 - Knowledge - INFO - Processing batch of 4 files
2026-01-05 05:00:48,685 - Knowledge - INFO - Processing batch of 4 files
2026-01-05 05:00:48,966 - Knowledge - INFO - process ingested knowledge for /app/data/tataelxsimockapisolutions5451/7903/b9780y6/Online-Examination-System-7903/OnlineExamSystem/UserProfile.aspx.designer.cs
2026-01-05 05:00:49,082 - Knowledge - INFO - process ingested knowledge for /app/data/tataelxsimockapisolutions5451/7903/b9780y6/Online-Examination-System-7903/OnlineExamSystem/AdminPanel.aspx.designer.cs
2026-01-05 05:00:49,244 - Knowledge - INFO - [LLM_CALL] Completed: AdminQueue.aspx.designer.cs:chunk1, Duration: 15687ms, PromptTokens: 2336, CompletionTokens: 295, Cost: $0.00035
2026-01-05 05:00:49,378 - Knowledge - INFO - process ingested knowledge for /app/data/tataelxsimockapisolutions5451/7903/b9780y6/Online-Examination-System-7903/OnlineExamSystem/Properties/AssemblyInfo.cs
2026-01-05 05:00:49,558 - Knowledge - INFO - done ingest for /app/data/tataelxsimockapisolutions5451/7903/b9780y6/Online-Examination-System-7903/OnlineExamSystem/AdminQueue.aspx.designer.cs
2026-01-05 05:00:49,565 - Knowledge - INFO - process ingested knowledge for /app/data/tataelxsimockapisolutions5451/7903/b9780y6/Online-Examination-System-7903/OnlineExamSystem/StartExam.aspx.designer.cs
2026-01-05 05:00:50,202 - Knowledge - INFO - process ingested knowledge for /app/data/tataelxsimockapisolutions5451/7903/b9780y6/Online-Examination-System-7903/OnlineExamSystem/Dashboard.aspx.cs
2026-01-05 05:00:50,272 - Knowledge - INFO - [LLM_CALL] Completed: MCQExam.aspx.designer.cs:chunk1, Duration: 40550ms, PromptTokens: 4738, CompletionTokens: 410, Cost: $0.00064
2026-01-05 05:00:50,569 - Knowledge - INFO - done ingest for /app/data/tataelxsimockapisolutions5451/7903/b9780y6/Online-Examination-System-7903/OnlineExamSystem/MCQExam.aspx.designer.cs
2026-01-05 05:00:50,599 - Knowledge - INFO - [LLM_CALL] Completed: MCQExam.aspx.cs:chunk1, Duration: 38398ms, PromptTokens: 5284, CompletionTokens: 668, Cost: $0.00080
2026-01-05 05:00:50,924 - Knowledge - INFO - done ingest for /app/data/tataelxsimockapisolutions5451/7903/b9780y6/Online-Examination-System-7903/OnlineExamSystem/MCQExam.aspx.cs
2026-01-05 05:00:51,508 - Knowledge - INFO - [LLM_CALL] Completed: AdminLeaderboard.aspx.designer.cs:chunk1, Duration: 25278ms, PromptTokens: 2594, CompletionTokens: 312, Cost: $0.00038
2026-01-05 05:00:51,776 - Knowledge - INFO - done ingest for /app/data/tataelxsimockapisolutions5451/7903/b9780y6/Online-Examination-System-7903/OnlineExamSystem/AdminLeaderboard.aspx.designer.cs
2026-01-05 05:00:51,778 - Knowledge - INFO - Processing batch of 4 files
2026-01-05 05:00:52,011 - Knowledge - INFO - process ingested knowledge for /app/data/tataelxsimockapisolutions5451/7903/b9780y6/Online-Examination-System-7903/OnlineExamSystem/TheoryExam.aspx.designer.cs
2026-01-05 05:00:52,150 - Knowledge - INFO - process ingested knowledge for /app/data/tataelxsimockapisolutions5451/7903/b9780y6/Online-Examination-System-7903/OnlineExamSystem/AdminQueue.aspx.cs
2026-01-05 05:00:52,163 - Knowledge - INFO - [WEBSOCKET] Sent: Type=progress_update, Size: 288, Duration: 0ms
2026-01-05 05:00:52,335 - Knowledge - INFO - process ingested knowledge for /app/data/tataelxsimockapisolutions5451/7903/b9780y6/Online-Examination-System-7903/OnlineExamSystem/EditExam.aspx.designer.cs
2026-01-05 05:00:52,637 - Knowledge - INFO - [WEBSOCKET] Sent: Type=unknown, Size: ?, Duration: 475ms
2026-01-05 05:00:52,767 - Knowledge - INFO - process ingested knowledge for /app/data/tataelxsimockapisolutions5451/7903/b9780y6/Online-Examination-System-7903/OnlineExamSystem/Leaderboard.aspx.cs
2026-01-05 05:00:52,838 - Knowledge - INFO - process ingested knowledge for /app/data/tataelxsimockapisolutions5451/7903/b9780y6/Online-Examination-System-7903/OnlineExamSystem/Leaderboard.aspx.designer.cs
2026-01-05 05:00:52,962 - Knowledge - INFO - Progress: 76.0% | Files: 38/50 | Rate: 0.64 files/sec | Queue: 0
2026-01-05 05:00:52,981 - Knowledge - INFO - [LLM_CALL] Completed: DownloadPdf.aspx.designer.cs:chunk1, Duration: 20747ms, PromptTokens: 5038, CompletionTokens: 391, Cost: $0.00066
2026-01-05 05:00:53,463 - Knowledge - INFO - process ingested knowledge for /app/data/tataelxsimockapisolutions5451/7903/b9780y6/Online-Examination-System-7903/OnlineExamSystem/MCQExam.aspx.cs
2026-01-05 05:00:53,499 - Knowledge - INFO - done ingest for /app/data/tataelxsimockapisolutions5451/7903/b9780y6/Online-Examination-System-7903/OnlineExamSystem/DownloadPdf.aspx.designer.cs
2026-01-05 05:00:54,664 - Knowledge - INFO - [LLM_CALL] Completed: TheorySet.aspx.cs:chunk1, Duration: 25306ms, PromptTokens: 8972, CompletionTokens: 611, Cost: $0.00114
2026-01-05 05:00:54,848 - Knowledge - INFO - done ingest for /app/data/tataelxsimockapisolutions5451/7903/b9780y6/Online-Examination-System-7903/OnlineExamSystem/TheorySet.aspx.cs
2026-01-05 05:00:55,293 - Knowledge - INFO - [LLM_CALL] Completed: ExamResult.aspx.designer.cs:chunk1, Duration: 41882ms, PromptTokens: 5790, CompletionTokens: 405, Cost: $0.00074
2026-01-05 05:00:55,524 - Knowledge - INFO - done ingest for /app/data/tataelxsimockapisolutions5451/7903/b9780y6/Online-Examination-System-7903/OnlineExamSystem/ExamResult.aspx.designer.cs
2026-01-05 05:00:55,675 - Knowledge - INFO - process ingested knowledge for /app/data/tataelxsimockapisolutions5451/7903/b9780y6/Online-Examination-System-7903/OnlineExamSystem/MCQSet.aspx.designer.cs
2026-01-05 05:00:55,829 - Knowledge - INFO - [LLM_CALL] Completed: EditMCQ.aspx.cs:chunk1, Duration: 39015ms, PromptTokens: 6830, CompletionTokens: 576, Cost: $0.00091
2026-01-05 05:00:56,083 - Knowledge - INFO - done ingest for /app/data/tataelxsimockapisolutions5451/7903/b9780y6/Online-Examination-System-7903/OnlineExamSystem/EditMCQ.aspx.cs
2026-01-05 05:00:56,172 - Knowledge - INFO - [LLM_CALL] Completed: LoginPage.aspx.designer.cs:chunk1, Duration: 43977ms, PromptTokens: 2340, CompletionTokens: 406, Cost: $0.00040
2026-01-05 05:00:56,402 - Knowledge - INFO - done ingest for /app/data/tataelxsimockapisolutions5451/7903/b9780y6/Online-Examination-System-7903/OnlineExamSystem/LoginPage.aspx.designer.cs
2026-01-05 05:00:56,402 - Knowledge - INFO - [LLM_CALL] Completed: StartExam.aspx.cs:chunk1, Duration: 32232ms, PromptTokens: 6632, CompletionTokens: 579, Cost: $0.00089
2026-01-05 05:00:56,814 - Knowledge - INFO - done ingest for /app/data/tataelxsimockapisolutions5451/7903/b9780y6/Online-Examination-System-7903/OnlineExamSystem/StartExam.aspx.cs
2026-01-05 05:00:56,833 - Knowledge - INFO - Processing batch of 4 files
2026-01-05 05:00:56,934 - Knowledge - INFO - [LLM_CALL] Completed: MCQSet.aspx.cs:chunk1, Duration: 37076ms, PromptTokens: 9182, CompletionTokens: 599, Cost: $0.00116
2026-01-05 05:00:57,181 - Knowledge - INFO - process ingested knowledge for /app/data/tataelxsimockapisolutions5451/7903/b9780y6/Online-Examination-System-7903/OnlineExamSystem/MCQExam.aspx.designer.cs
2026-01-05 05:00:57,284 - Knowledge - INFO - done ingest for /app/data/tataelxsimockapisolutions5451/7903/b9780y6/Online-Examination-System-7903/OnlineExamSystem/MCQSet.aspx.cs
2026-01-05 05:00:57,287 - Knowledge - INFO - [WEBSOCKET] Sent: Type=progress_update, Size: 270, Duration: 2ms
2026-01-05 05:00:57,383 - Knowledge - INFO - process ingested knowledge for /app/data/tataelxsimockapisolutions5451/7903/b9780y6/Online-Examination-System-7903/OnlineExamSystem/CSS/bootstrap.css
2026-01-05 05:00:57,607 - Knowledge - INFO - Processing batch of 4 files
2026-01-05 05:00:57,608 - Knowledge - INFO - Processing batch of 4 files
2026-01-05 05:00:57,608 - Knowledge - INFO - [WEBSOCKET] Sent: Type=unknown, Size: ?, Duration: 323ms
2026-01-05 05:00:57,693 - Knowledge - INFO - process ingested knowledge for /app/data/tataelxsimockapisolutions5451/7903/b9780y6/Online-Examination-System-7903/OnlineExamSystem/EditMCQ.aspx.cs
2026-01-05 05:00:57,782 - Knowledge - INFO - process ingested knowledge for /app/data/tataelxsimockapisolutions5451/7903/b9780y6/Online-Examination-System-7903/OnlineExamSystem/ExamResult.aspx.designer.cs
2026-01-05 05:00:57,862 - Knowledge - INFO - process ingested knowledge for /app/data/tataelxsimockapisolutions5451/7903/b9780y6/Online-Examination-System-7903/OnlineExamSystem/LoginPage.aspx.designer.cs
2026-01-05 05:00:57,937 - Knowledge - INFO - Progress: 84.0% | Files: 50/50 | Rate: 0.78 files/sec | Queue: 0
2026-01-05 05:00:58,039 - Knowledge - INFO - process ingested knowledge for /app/data/tataelxsimockapisolutions5451/7903/b9780y6/Online-Examination-System-7903/OnlineExamSystem/TheorySet.aspx.cs
2026-01-05 05:00:58,165 - Knowledge - INFO - process ingested knowledge for /app/data/tataelxsimockapisolutions5451/7903/b9780y6/Online-Examination-System-7903/OnlineExamSystem/StartExam.aspx.cs
2026-01-05 05:00:58,270 - Knowledge - INFO - process ingested knowledge for /app/data/tataelxsimockapisolutions5451/7903/b9780y6/Online-Examination-System-7903/OnlineExamSystem/MCQSet.aspx.cs
2026-01-05 05:00:58,659 - Knowledge - INFO - process ingested knowledge for /app/data/tataelxsimockapisolutions5451/7903/b9780y6/Online-Examination-System-7903/OnlineExamSystem/AdminPanel.aspx.cs
2026-01-05 05:00:58,744 - Knowledge - INFO - process ingested knowledge for /app/data/tataelxsimockapisolutions5451/7903/b9780y6/Online-Examination-System-7903/OnlineExamSystem/AdminLeaderboard.aspx.designer.cs
2026-01-05 05:00:58,827 - Knowledge - INFO - process ingested knowledge for /app/data/tataelxsimockapisolutions5451/7903/b9780y6/Online-Examination-System-7903/OnlineExamSystem/DownloadPdf.aspx.designer.cs
2026-01-05 05:00:58,914 - Knowledge - INFO - process ingested knowledge for /app/data/tataelxsimockapisolutions5451/7903/b9780y6/Online-Examination-System-7903/OnlineExamSystem/AdminQueue.aspx.designer.cs
2026-01-05 05:00:59,490 - Knowledge - INFO - Knowledge creation complete
2026-01-05 05:00:59,685 - Knowledge - INFO - ==================================================
2026-01-05 05:00:59,852 - Knowledge - INFO - KNOWLEDGE GRAPH GENERATION PERFORMANCE SUMMARY
2026-01-05 05:01:00,019 - Knowledge - INFO - ==================================================
2026-01-05 05:01:00,242 - Knowledge - INFO - Total processing time: 67.11 seconds (1.12 minutes)
2026-01-05 05:01:00,667 - Knowledge - INFO - Files processed: 0
2026-01-05 05:01:00,834 - Knowledge - INFO - Processing rate: 0.00 files/second
2026-01-05 05:01:01,001 - Knowledge - INFO - 
[TIME_BREAKDOWN]
2026-01-05 05:01:01,204 - Knowledge - INFO - File Reading: 0.00s (0.0%)
2026-01-05 05:01:01,416 - Knowledge - INFO - LLM Processing: 850.18s (1266.8%)
2026-01-05 05:01:01,574 - Knowledge - INFO - MongoDB Operations: 0.00s (0.0%)
2026-01-05 05:01:01,752 - Knowledge - INFO - Redis Operations: 0.00s (0.0%)
2026-01-05 05:01:01,941 - Knowledge - INFO - WebSocket Communication: 3.38s (5.0%)
2026-01-05 05:01:02,130 - Knowledge - INFO - 
[LLM_STATS]
2026-01-05 05:01:02,341 - Knowledge - INFO - Total LLM calls: 30
2026-01-05 05:01:02,499 - Knowledge - INFO - Average LLM response time: 28339ms
2026-01-05 05:01:02,682 - Knowledge - INFO - Average prompt tokens: 4679.0
2026-01-05 05:01:02,863 - Knowledge - INFO - Average completion tokens: 427.1
2026-01-05 05:01:03,099 - Knowledge - INFO - Total prompt tokens: 140370
2026-01-05 05:01:03,290 - Knowledge - INFO - Total completion tokens: 12814
2026-01-05 05:01:03,521 - Knowledge - INFO - Total LLM cost: $0.0192
2026-01-05 05:01:03,678 - Knowledge - INFO - 
[DATABASE_STATS]
2026-01-05 05:01:03,846 - Knowledge - INFO - MongoDB operations: 0
2026-01-05 05:01:04,028 - Knowledge - INFO - Redis operations: 0
2026-01-05 05:01:04,193 - Knowledge - INFO - 
[COMMUNICATION_STATS]
2026-01-05 05:01:04,380 - Knowledge - INFO - WebSocket messages sent: 15
2026-01-05 05:01:04,558 - Knowledge - INFO - Average message size: 134.9 bytes
2026-01-05 05:01:04,776 - Knowledge - INFO - 
[WORKER_STATS]
2026-01-05 05:01:04,969 - Knowledge - INFO - 
[FILE_TYPE_STATS]
2026-01-05 05:01:05,124 - Knowledge - INFO - 
[SLOWEST_FILES]
2026-01-05 05:01:05,286 - Knowledge - INFO - ==================================================
2026-01-05 05:01:05,474 - Knowledge - INFO - ==================================================
2026-01-05 05:01:05,647 - Knowledge - INFO - KNOWLEDGE GRAPH GENERATION PERFORMANCE SUMMARY
2026-01-05 05:01:05,804 - Knowledge - INFO - ==================================================
2026-01-05 05:01:06,024 - Knowledge - INFO - Total processing time: 72.96 seconds (1.22 minutes)
2026-01-05 05:01:06,211 - Knowledge - INFO - Files processed: 50 of 50
2026-01-05 05:01:06,454 - Knowledge - INFO - Processing rate: 0.69 files/second
2026-01-05 05:01:06,608 - Knowledge - INFO - WebSocket messages sent: 7
2026-01-05 05:01:06,779 - Knowledge - INFO - MongoDB operations: 50
2026-01-05 05:01:06,961 - Knowledge - INFO - Average MongoDB ops per file: 1.00
2026-01-05 05:01:07,173 - Knowledge - INFO - LLM costs: $0.0192
2026-01-05 05:01:07,330 - Knowledge - INFO - Prompt tokens: 140370
2026-01-05 05:01:07,488 - Knowledge - INFO - Completion tokens: 12814
2026-01-05 05:01:07,658 - Knowledge - INFO - Updating org costs, total cost: 0.019162600000000005
2026-01-05 05:01:07,925 - Knowledge - INFO - [WEBSOCKET] Sent: Type=progress_update, Size: 268, Duration: 0ms
2026-01-05 05:01:08,125 - Knowledge - INFO - Saving knowledge to Redis...
2026-01-05 05:01:08,347 - Knowledge - INFO - Knowledge saved to Redis successfully
2026-01-06 10:43:42,281 - Knowledge - INFO - Created shared MongoDB connection pool
2026-01-06 10:43:42,608 - Knowledge - INFO - Starting Knowledge Graph processing with 20 threads
2026-01-06 10:43:42,771 - Knowledge - INFO - Initial configuration: chunk_size=65536, max_cache_size=500
2026-01-06 10:43:42,944 - Knowledge - INFO - Knowledge Graph concurrency configuration: workers=20, max_batch_size=10, max_concurrent_llm_calls=50
2026-01-06 10:43:43,837 - Knowledge - INFO - 🔍 _load_persisted_knowledge called - checking for Redis optimization
2026-01-06 10:43:44,014 - Knowledge - WARNING - ❌ load_from_redis method not found - Redis support not attached
2026-01-06 10:43:44,177 - Knowledge - INFO - load persisted knowledge: begin
2026-01-06 10:43:44,904 - Knowledge - INFO - Persisted knowledge files in /app/data/tataelxsimockapisolutions5451/7903/b9780y6/Online-Examination-System-7903/.knowledge have been renamed to use .json
2026-01-06 10:43:45,100 - Knowledge - INFO - Found code-base-name: https://github.com/kavia-common/Online-Examination-System-7903.git:kavia-master
2026-01-06 10:43:45,252 - Knowledge - INFO - Found code_base: <app.utils.kg_build.knowledge.KnowledgeCodeBase object at 0x7f02f8886c10>
2026-01-06 10:43:45,552 - Knowledge - INFO - Found code-base-name: https://github.com/kavia-common/Online-Examination-System-7903.git:kavia-master
2026-01-06 10:43:45,799 - Knowledge - INFO - Found code_base: <app.utils.kg_build.knowledge.KnowledgeCodeBase object at 0x7f02f8886c10>
2026-01-06 10:43:45,972 - Knowledge - INFO - persist ingested knowledge for /app/data/tataelxsimockapisolutions5451/7903/b9780y6/Online-Examination-System-7903/OnlineExamSystem/Properties/AssemblyInfo.cs
2026-01-06 10:43:46,288 - Knowledge - INFO - [MONGODB_OP] Completed: persist, Collection: file_info, Duration: 80ms
2026-01-06 10:43:47,199 - Knowledge - INFO - [REDIS_OP] Completed: store_embedding, Key: OnlineExamSystem/Properties/AssemblyInfo.cs, Duration: 751ms
2026-01-06 10:43:47,361 - Knowledge - INFO - persist search terms embedding for OnlineExamSystem/Properties/AssemblyInfo.cs
2026-01-06 10:43:47,550 - Knowledge - INFO - process ingested knowledge for /app/data/tataelxsimockapisolutions5451/7903/b9780y6/Online-Examination-System-7903/OnlineExamSystem/Properties/AssemblyInfo.cs
2026-01-06 10:43:47,716 - Knowledge - INFO - Found code-base-name: https://github.com/kavia-common/Online-Examination-System-7903.git:kavia-master
2026-01-06 10:43:47,875 - Knowledge - INFO - Found code_base: <app.utils.kg_build.knowledge.KnowledgeCodeBase object at 0x7f02f8886c10>
2026-01-06 10:43:48,162 - Knowledge - INFO - Found code-base-name: https://github.com/kavia-common/Online-Examination-System-7903.git:kavia-master
2026-01-06 10:43:48,366 - Knowledge - INFO - Found code_base: <app.utils.kg_build.knowledge.KnowledgeCodeBase object at 0x7f02f8886c10>
2026-01-06 10:43:48,512 - Knowledge - INFO - persist ingested knowledge for /app/data/tataelxsimockapisolutions5451/7903/b9780y6/Online-Examination-System-7903/OnlineExamSystem/AdminLeaderboard.aspx.cs
2026-01-06 10:43:48,757 - Knowledge - INFO - [MONGODB_OP] Completed: persist, Collection: file_info, Duration: 82ms
2026-01-06 10:43:49,189 - Knowledge - INFO - [REDIS_OP] Completed: store_embedding, Key: OnlineExamSystem/AdminLeaderboard.aspx.cs, Duration: 276ms
2026-01-06 10:43:49,354 - Knowledge - INFO - persist search terms embedding for OnlineExamSystem/AdminLeaderboard.aspx.cs
2026-01-06 10:43:49,522 - Knowledge - INFO - process ingested knowledge for /app/data/tataelxsimockapisolutions5451/7903/b9780y6/Online-Examination-System-7903/OnlineExamSystem/AdminLeaderboard.aspx.cs
2026-01-06 10:43:49,692 - Knowledge - INFO - Found code-base-name: https://github.com/kavia-common/Online-Examination-System-7903.git:kavia-master
2026-01-06 10:43:49,861 - Knowledge - INFO - Found code_base: <app.utils.kg_build.knowledge.KnowledgeCodeBase object at 0x7f02f8886c10>
2026-01-06 10:43:50,140 - Knowledge - INFO - Found code-base-name: https://github.com/kavia-common/Online-Examination-System-7903.git:kavia-master
2026-01-06 10:43:50,312 - Knowledge - INFO - Found code_base: <app.utils.kg_build.knowledge.KnowledgeCodeBase object at 0x7f02f8886c10>
2026-01-06 10:43:50,505 - Knowledge - INFO - persist ingested knowledge for /app/data/tataelxsimockapisolutions5451/7903/b9780y6/Online-Examination-System-7903/OnlineExamSystem/AdminCourseQueue.aspx.designer.cs
2026-01-06 10:43:50,896 - Knowledge - INFO - [MONGODB_OP] Completed: persist, Collection: file_info, Duration: 229ms
2026-01-06 10:43:51,327 - Knowledge - INFO - [REDIS_OP] Completed: store_embedding, Key: OnlineExamSystem/AdminCourseQueue.aspx.designer.cs, Duration: 268ms
2026-01-06 10:43:51,486 - Knowledge - INFO - persist search terms embedding for OnlineExamSystem/AdminCourseQueue.aspx.designer.cs
2026-01-06 10:43:51,654 - Knowledge - INFO - process ingested knowledge for /app/data/tataelxsimockapisolutions5451/7903/b9780y6/Online-Examination-System-7903/OnlineExamSystem/AdminCourseQueue.aspx.designer.cs
2026-01-06 10:43:51,848 - Knowledge - INFO - Found code-base-name: https://github.com/kavia-common/Online-Examination-System-7903.git:kavia-master
2026-01-06 10:43:52,038 - Knowledge - INFO - Found code_base: <app.utils.kg_build.knowledge.KnowledgeCodeBase object at 0x7f02f8886c10>
2026-01-06 10:43:52,278 - Knowledge - INFO - Found code-base-name: https://github.com/kavia-common/Online-Examination-System-7903.git:kavia-master
2026-01-06 10:43:52,448 - Knowledge - INFO - Found code_base: <app.utils.kg_build.knowledge.KnowledgeCodeBase object at 0x7f02f8886c10>
2026-01-06 10:43:52,600 - Knowledge - INFO - persist ingested knowledge for /app/data/tataelxsimockapisolutions5451/7903/b9780y6/Online-Examination-System-7903/OnlineExamSystem/AdminQueue.aspx.cs
2026-01-06 10:43:52,880 - Knowledge - INFO - [MONGODB_OP] Completed: persist, Collection: file_info, Duration: 139ms
2026-01-06 10:43:53,286 - Knowledge - INFO - [REDIS_OP] Completed: store_embedding, Key: OnlineExamSystem/AdminQueue.aspx.cs, Duration: 209ms
2026-01-06 10:43:53,505 - Knowledge - INFO - persist search terms embedding for OnlineExamSystem/AdminQueue.aspx.cs
2026-01-06 10:43:53,682 - Knowledge - INFO - process ingested knowledge for /app/data/tataelxsimockapisolutions5451/7903/b9780y6/Online-Examination-System-7903/OnlineExamSystem/AdminQueue.aspx.cs
2026-01-06 10:43:53,927 - Knowledge - INFO - Found code-base-name: https://github.com/kavia-common/Online-Examination-System-7903.git:kavia-master
2026-01-06 10:43:54,110 - Knowledge - INFO - Found code_base: <app.utils.kg_build.knowledge.KnowledgeCodeBase object at 0x7f02f8886c10>
2026-01-06 10:43:54,342 - Knowledge - INFO - Found code-base-name: https://github.com/kavia-common/Online-Examination-System-7903.git:kavia-master
2026-01-06 10:43:54,514 - Knowledge - INFO - Found code_base: <app.utils.kg_build.knowledge.KnowledgeCodeBase object at 0x7f02f8886c10>
2026-01-06 10:43:54,696 - Knowledge - INFO - persist ingested knowledge for /app/data/tataelxsimockapisolutions5451/7903/b9780y6/Online-Examination-System-7903/OnlineExamSystem/TheorySet.aspx.designer.cs
2026-01-06 10:43:54,946 - Knowledge - INFO - [MONGODB_OP] Completed: persist, Collection: file_info, Duration: 78ms
2026-01-06 10:43:55,326 - Knowledge - INFO - [REDIS_OP] Completed: store_embedding, Key: OnlineExamSystem/TheorySet.aspx.designer.cs, Duration: 202ms
2026-01-06 10:43:55,502 - Knowledge - INFO - persist search terms embedding for OnlineExamSystem/TheorySet.aspx.designer.cs
2026-01-06 10:43:55,676 - Knowledge - INFO - process ingested knowledge for /app/data/tataelxsimockapisolutions5451/7903/b9780y6/Online-Examination-System-7903/OnlineExamSystem/TheorySet.aspx.designer.cs
2026-01-06 10:43:55,874 - Knowledge - INFO - Found code-base-name: https://github.com/kavia-common/Online-Examination-System-7903.git:kavia-master
2026-01-06 10:43:56,092 - Knowledge - INFO - Found code_base: <app.utils.kg_build.knowledge.KnowledgeCodeBase object at 0x7f02f8886c10>
2026-01-06 10:43:56,341 - Knowledge - INFO - Found code-base-name: https://github.com/kavia-common/Online-Examination-System-7903.git:kavia-master
2026-01-06 10:43:56,548 - Knowledge - INFO - Found code_base: <app.utils.kg_build.knowledge.KnowledgeCodeBase object at 0x7f02f8886c10>
2026-01-06 10:43:56,744 - Knowledge - INFO - persist ingested knowledge for /app/data/tataelxsimockapisolutions5451/7903/b9780y6/Online-Examination-System-7903/OnlineExamSystem/EditMCQ.aspx.designer.cs
2026-01-06 10:43:56,988 - Knowledge - INFO - [MONGODB_OP] Completed: persist, Collection: file_info, Duration: 80ms
2026-01-06 10:43:57,455 - Knowledge - INFO - [REDIS_OP] Completed: store_embedding, Key: OnlineExamSystem/EditMCQ.aspx.designer.cs, Duration: 285ms
2026-01-06 10:43:57,644 - Knowledge - INFO - persist search terms embedding for OnlineExamSystem/EditMCQ.aspx.designer.cs
2026-01-06 10:43:57,798 - Knowledge - INFO - process ingested knowledge for /app/data/tataelxsimockapisolutions5451/7903/b9780y6/Online-Examination-System-7903/OnlineExamSystem/EditMCQ.aspx.designer.cs
2026-01-06 10:43:57,978 - Knowledge - INFO - Found code-base-name: https://github.com/kavia-common/Online-Examination-System-7903.git:kavia-master
2026-01-06 10:43:58,193 - Knowledge - INFO - Found code_base: <app.utils.kg_build.knowledge.KnowledgeCodeBase object at 0x7f02f8886c10>
2026-01-06 10:43:58,444 - Knowledge - INFO - Found code-base-name: https://github.com/kavia-common/Online-Examination-System-7903.git:kavia-master
2026-01-06 10:43:58,611 - Knowledge - INFO - Found code_base: <app.utils.kg_build.knowledge.KnowledgeCodeBase object at 0x7f02f8886c10>
2026-01-06 10:43:58,764 - Knowledge - INFO - persist ingested knowledge for /app/data/tataelxsimockapisolutions5451/7903/b9780y6/Online-Examination-System-7903/OnlineExamSystem/LoginPage.aspx.cs
2026-01-06 10:43:59,018 - Knowledge - INFO - [MONGODB_OP] Completed: persist, Collection: file_info, Duration: 80ms
2026-01-06 10:43:59,466 - Knowledge - INFO - [REDIS_OP] Completed: store_embedding, Key: OnlineExamSystem/LoginPage.aspx.cs, Duration: 263ms
2026-01-06 10:43:59,608 - Knowledge - INFO - persist search terms embedding for OnlineExamSystem/LoginPage.aspx.cs
2026-01-06 10:43:59,780 - Knowledge - INFO - process ingested knowledge for /app/data/tataelxsimockapisolutions5451/7903/b9780y6/Online-Examination-System-7903/OnlineExamSystem/LoginPage.aspx.cs
2026-01-06 10:43:59,989 - Knowledge - INFO - Found code-base-name: https://github.com/kavia-common/Online-Examination-System-7903.git:kavia-master
2026-01-06 10:44:00,165 - Knowledge - INFO - Found code_base: <app.utils.kg_build.knowledge.KnowledgeCodeBase object at 0x7f02f8886c10>
2026-01-06 10:44:00,424 - Knowledge - INFO - Found code-base-name: https://github.com/kavia-common/Online-Examination-System-7903.git:kavia-master
2026-01-06 10:44:00,620 - Knowledge - INFO - Found code_base: <app.utils.kg_build.knowledge.KnowledgeCodeBase object at 0x7f02f8886c10>
2026-01-06 10:44:00,793 - Knowledge - INFO - persist ingested knowledge for /app/data/tataelxsimockapisolutions5451/7903/b9780y6/Online-Examination-System-7903/database-script/Online-Examination-System-Databse-Script.sql
2026-01-06 10:44:01,030 - Knowledge - INFO - [MONGODB_OP] Completed: persist, Collection: file_info, Duration: 89ms
2026-01-06 10:44:01,413 - Knowledge - INFO - [REDIS_OP] Completed: store_embedding, Key: database-script/Online-Examination-System-Databse-Script.sql, Duration: 222ms
2026-01-06 10:44:01,568 - Knowledge - INFO - persist search terms embedding for database-script/Online-Examination-System-Databse-Script.sql
2026-01-06 10:44:01,733 - Knowledge - INFO - process ingested knowledge for /app/data/tataelxsimockapisolutions5451/7903/b9780y6/Online-Examination-System-7903/database-script/Online-Examination-System-Databse-Script.sql
2026-01-06 10:44:01,955 - Knowledge - INFO - Found code-base-name: https://github.com/kavia-common/Online-Examination-System-7903.git:kavia-master
2026-01-06 10:44:02,132 - Knowledge - INFO - Found code_base: <app.utils.kg_build.knowledge.KnowledgeCodeBase object at 0x7f02f8886c10>
2026-01-06 10:44:02,414 - Knowledge - INFO - Found code-base-name: https://github.com/kavia-common/Online-Examination-System-7903.git:kavia-master
2026-01-06 10:44:02,576 - Knowledge - INFO - Found code_base: <app.utils.kg_build.knowledge.KnowledgeCodeBase object at 0x7f02f8886c10>
2026-01-06 10:44:02,728 - Knowledge - INFO - persist ingested knowledge for /app/data/tataelxsimockapisolutions5451/7903/b9780y6/Online-Examination-System-7903/OnlineExamSystem/TheoryExam.aspx.cs
2026-01-06 10:44:02,975 - Knowledge - INFO - [MONGODB_OP] Completed: persist, Collection: file_info, Duration: 80ms
2026-01-06 10:44:03,427 - Knowledge - INFO - [REDIS_OP] Completed: store_embedding, Key: OnlineExamSystem/TheoryExam.aspx.cs, Duration: 275ms
2026-01-06 10:44:03,605 - Knowledge - INFO - persist search terms embedding for OnlineExamSystem/TheoryExam.aspx.cs
2026-01-06 10:44:03,838 - Knowledge - INFO - process ingested knowledge for /app/data/tataelxsimockapisolutions5451/7903/b9780y6/Online-Examination-System-7903/OnlineExamSystem/TheoryExam.aspx.cs
2026-01-06 10:44:04,013 - Knowledge - INFO - Found code-base-name: https://github.com/kavia-common/Online-Examination-System-7903.git:kavia-master
2026-01-06 10:44:04,233 - Knowledge - INFO - Found code_base: <app.utils.kg_build.knowledge.KnowledgeCodeBase object at 0x7f02f8886c10>
2026-01-06 10:44:04,504 - Knowledge - INFO - Found code-base-name: https://github.com/kavia-common/Online-Examination-System-7903.git:kavia-master
2026-01-06 10:44:04,665 - Knowledge - INFO - Found code_base: <app.utils.kg_build.knowledge.KnowledgeCodeBase object at 0x7f02f8886c10>
2026-01-06 10:44:04,834 - Knowledge - INFO - persist ingested knowledge for /app/data/tataelxsimockapisolutions5451/7903/b9780y6/Online-Examination-System-7903/OnlineExamSystem/TakenCourses.aspx.designer.cs
2026-01-06 10:44:05,129 - Knowledge - INFO - [MONGODB_OP] Completed: persist, Collection: file_info, Duration: 120ms
2026-01-06 10:44:05,555 - Knowledge - INFO - [REDIS_OP] Completed: store_embedding, Key: OnlineExamSystem/TakenCourses.aspx.designer.cs, Duration: 230ms
2026-01-06 10:44:05,728 - Knowledge - INFO - persist search terms embedding for OnlineExamSystem/TakenCourses.aspx.designer.cs
2026-01-06 10:44:05,925 - Knowledge - INFO - process ingested knowledge for /app/data/tataelxsimockapisolutions5451/7903/b9780y6/Online-Examination-System-7903/OnlineExamSystem/TakenCourses.aspx.designer.cs
2026-01-06 10:44:06,077 - Knowledge - INFO - Found code-base-name: https://github.com/kavia-common/Online-Examination-System-7903.git:kavia-master
2026-01-06 10:44:06,297 - Knowledge - INFO - Found code_base: <app.utils.kg_build.knowledge.KnowledgeCodeBase object at 0x7f02f8886c10>
2026-01-06 10:44:06,584 - Knowledge - INFO - Found code-base-name: https://github.com/kavia-common/Online-Examination-System-7903.git:kavia-master
2026-01-06 10:44:06,822 - Knowledge - INFO - Found code_base: <app.utils.kg_build.knowledge.KnowledgeCodeBase object at 0x7f02f8886c10>
2026-01-06 10:44:07,013 - Knowledge - INFO - persist ingested knowledge for /app/data/tataelxsimockapisolutions5451/7903/b9780y6/Online-Examination-System-7903/OnlineExamSystem/SetExam.aspx.designer.cs
2026-01-06 10:44:07,307 - Knowledge - INFO - [MONGODB_OP] Completed: persist, Collection: file_info, Duration: 91ms
2026-01-06 10:44:07,731 - Knowledge - INFO - [REDIS_OP] Completed: store_embedding, Key: OnlineExamSystem/SetExam.aspx.designer.cs, Duration: 248ms
2026-01-06 10:44:07,907 - Knowledge - INFO - persist search terms embedding for OnlineExamSystem/SetExam.aspx.designer.cs
2026-01-06 10:44:08,091 - Knowledge - INFO - process ingested knowledge for /app/data/tataelxsimockapisolutions5451/7903/b9780y6/Online-Examination-System-7903/OnlineExamSystem/SetExam.aspx.designer.cs
2026-01-06 10:44:08,267 - Knowledge - INFO - Found code-base-name: https://github.com/kavia-common/Online-Examination-System-7903.git:kavia-master
2026-01-06 10:44:08,463 - Knowledge - INFO - Found code_base: <app.utils.kg_build.knowledge.KnowledgeCodeBase object at 0x7f02f8886c10>
2026-01-06 10:44:08,698 - Knowledge - INFO - Found code-base-name: https://github.com/kavia-common/Online-Examination-System-7903.git:kavia-master
2026-01-06 10:44:08,887 - Knowledge - INFO - Found code_base: <app.utils.kg_build.knowledge.KnowledgeCodeBase object at 0x7f02f8886c10>
2026-01-06 10:44:09,044 - Knowledge - INFO - persist ingested knowledge for /app/data/tataelxsimockapisolutions5451/7903/b9780y6/Online-Examination-System-7903/OnlineExamSystem/ShowAns.aspx.designer.cs
2026-01-06 10:44:09,300 - Knowledge - INFO - [MONGODB_OP] Completed: persist, Collection: file_info, Duration: 95ms
2026-01-06 10:44:09,808 - Knowledge - INFO - [REDIS_OP] Completed: store_embedding, Key: OnlineExamSystem/ShowAns.aspx.designer.cs, Duration: 298ms
2026-01-06 10:44:09,964 - Knowledge - INFO - persist search terms embedding for OnlineExamSystem/ShowAns.aspx.designer.cs
2026-01-06 10:44:10,149 - Knowledge - INFO - process ingested knowledge for /app/data/tataelxsimockapisolutions5451/7903/b9780y6/Online-Examination-System-7903/OnlineExamSystem/ShowAns.aspx.designer.cs
2026-01-06 10:44:10,305 - Knowledge - INFO - Found code-base-name: https://github.com/kavia-common/Online-Examination-System-7903.git:kavia-master
2026-01-06 10:44:10,519 - Knowledge - INFO - Found code_base: <app.utils.kg_build.knowledge.KnowledgeCodeBase object at 0x7f02f8886c10>
2026-01-06 10:44:10,748 - Knowledge - INFO - Found code-base-name: https://github.com/kavia-common/Online-Examination-System-7903.git:kavia-master
2026-01-06 10:44:10,914 - Knowledge - INFO - Found code_base: <app.utils.kg_build.knowledge.KnowledgeCodeBase object at 0x7f02f8886c10>
2026-01-06 10:44:11,078 - Knowledge - INFO - persist ingested knowledge for /app/data/tataelxsimockapisolutions5451/7903/b9780y6/Online-Examination-System-7903/OnlineExamSystem/SignUpPage.aspx.designer.cs
2026-01-06 10:44:11,395 - Knowledge - INFO - [MONGODB_OP] Completed: persist, Collection: file_info, Duration: 84ms
2026-01-06 10:44:11,818 - Knowledge - INFO - [REDIS_OP] Completed: store_embedding, Key: OnlineExamSystem/SignUpPage.aspx.designer.cs, Duration: 227ms
2026-01-06 10:44:11,963 - Knowledge - INFO - persist search terms embedding for OnlineExamSystem/SignUpPage.aspx.designer.cs
2026-01-06 10:44:12,111 - Knowledge - INFO - process ingested knowledge for /app/data/tataelxsimockapisolutions5451/7903/b9780y6/Online-Examination-System-7903/OnlineExamSystem/SignUpPage.aspx.designer.cs
2026-01-06 10:44:12,297 - Knowledge - INFO - Found code-base-name: https://github.com/kavia-common/Online-Examination-System-7903.git:kavia-master
2026-01-06 10:44:12,464 - Knowledge - INFO - Found code_base: <app.utils.kg_build.knowledge.KnowledgeCodeBase object at 0x7f02f8886c10>
2026-01-06 10:44:12,750 - Knowledge - INFO - Found code-base-name: https://github.com/kavia-common/Online-Examination-System-7903.git:kavia-master
2026-01-06 10:44:12,930 - Knowledge - INFO - Found code_base: <app.utils.kg_build.knowledge.KnowledgeCodeBase object at 0x7f02f8886c10>
2026-01-06 10:44:13,087 - Knowledge - INFO - persist ingested knowledge for /app/data/tataelxsimockapisolutions5451/7903/b9780y6/Online-Examination-System-7903/OnlineExamSystem/DownloadPdf.aspx.cs
2026-01-06 10:44:13,414 - Knowledge - INFO - [MONGODB_OP] Completed: persist, Collection: file_info, Duration: 101ms
2026-01-06 10:44:13,800 - Knowledge - INFO - [REDIS_OP] Completed: store_embedding, Key: OnlineExamSystem/DownloadPdf.aspx.cs, Duration: 200ms
2026-01-06 10:44:13,950 - Knowledge - INFO - persist search terms embedding for OnlineExamSystem/DownloadPdf.aspx.cs
2026-01-06 10:44:14,127 - Knowledge - INFO - process ingested knowledge for /app/data/tataelxsimockapisolutions5451/7903/b9780y6/Online-Examination-System-7903/OnlineExamSystem/DownloadPdf.aspx.cs
2026-01-06 10:44:14,329 - Knowledge - INFO - Found code-base-name: https://github.com/kavia-common/Online-Examination-System-7903.git:kavia-master
2026-01-06 10:44:14,507 - Knowledge - INFO - Found code_base: <app.utils.kg_build.knowledge.KnowledgeCodeBase object at 0x7f02f8886c10>
2026-01-06 10:44:14,755 - Knowledge - INFO - Found code-base-name: https://github.com/kavia-common/Online-Examination-System-7903.git:kavia-master
2026-01-06 10:44:14,924 - Knowledge - INFO - Found code_base: <app.utils.kg_build.knowledge.KnowledgeCodeBase object at 0x7f02f8886c10>
2026-01-06 10:44:15,116 - Knowledge - INFO - persist ingested knowledge for /app/data/tataelxsimockapisolutions5451/7903/b9780y6/Online-Examination-System-7903/OnlineExamSystem/ExamResult.aspx.cs
2026-01-06 10:44:15,399 - Knowledge - INFO - [MONGODB_OP] Completed: persist, Collection: file_info, Duration: 90ms
2026-01-06 10:44:15,890 - Knowledge - INFO - [REDIS_OP] Completed: store_embedding, Key: OnlineExamSystem/ExamResult.aspx.cs, Duration: 294ms
2026-01-06 10:44:16,080 - Knowledge - INFO - persist search terms embedding for OnlineExamSystem/ExamResult.aspx.cs
2026-01-06 10:44:16,243 - Knowledge - INFO - process ingested knowledge for /app/data/tataelxsimockapisolutions5451/7903/b9780y6/Online-Examination-System-7903/OnlineExamSystem/ExamResult.aspx.cs
2026-01-06 10:44:16,410 - Knowledge - INFO - Found code-base-name: https://github.com/kavia-common/Online-Examination-System-7903.git:kavia-master
2026-01-06 10:44:16,571 - Knowledge - INFO - Found code_base: <app.utils.kg_build.knowledge.KnowledgeCodeBase object at 0x7f02f8886c10>
2026-01-06 10:44:16,803 - Knowledge - INFO - Found code-base-name: https://github.com/kavia-common/Online-Examination-System-7903.git:kavia-master
2026-01-06 10:44:17,030 - Knowledge - INFO - Found code_base: <app.utils.kg_build.knowledge.KnowledgeCodeBase object at 0x7f02f8886c10>
2026-01-06 10:44:17,197 - Knowledge - INFO - persist ingested knowledge for /app/data/tataelxsimockapisolutions5451/7903/b9780y6/Online-Examination-System-7903/OnlineExamSystem/EditTheory.aspx.designer.cs
2026-01-06 10:44:17,455 - Knowledge - INFO - [MONGODB_OP] Completed: persist, Collection: file_info, Duration: 89ms
2026-01-06 10:44:17,944 - Knowledge - INFO - [REDIS_OP] Completed: store_embedding, Key: OnlineExamSystem/EditTheory.aspx.designer.cs, Duration: 265ms
2026-01-06 10:44:18,143 - Knowledge - INFO - persist search terms embedding for OnlineExamSystem/EditTheory.aspx.designer.cs
2026-01-06 10:44:18,294 - Knowledge - INFO - process ingested knowledge for /app/data/tataelxsimockapisolutions5451/7903/b9780y6/Online-Examination-System-7903/OnlineExamSystem/EditTheory.aspx.designer.cs
2026-01-06 10:44:18,459 - Knowledge - INFO - Found code-base-name: https://github.com/kavia-common/Online-Examination-System-7903.git:kavia-master
2026-01-06 10:44:18,680 - Knowledge - INFO - Found code_base: <app.utils.kg_build.knowledge.KnowledgeCodeBase object at 0x7f02f8886c10>
2026-01-06 10:44:18,946 - Knowledge - INFO - Found code-base-name: https://github.com/kavia-common/Online-Examination-System-7903.git:kavia-master
2026-01-06 10:44:19,151 - Knowledge - INFO - Found code_base: <app.utils.kg_build.knowledge.KnowledgeCodeBase object at 0x7f02f8886c10>
2026-01-06 10:44:19,290 - Knowledge - INFO - persist ingested knowledge for /app/data/tataelxsimockapisolutions5451/7903/b9780y6/Online-Examination-System-7903/OnlineExamSystem/EditExam.aspx.designer.cs
2026-01-06 10:44:19,640 - Knowledge - INFO - [MONGODB_OP] Completed: persist, Collection: file_info, Duration: 116ms
2026-01-06 10:44:20,066 - Knowledge - INFO - [REDIS_OP] Completed: store_embedding, Key: OnlineExamSystem/EditExam.aspx.designer.cs, Duration: 225ms
2026-01-06 10:44:20,287 - Knowledge - INFO - persist search terms embedding for OnlineExamSystem/EditExam.aspx.designer.cs
2026-01-06 10:44:20,499 - Knowledge - INFO - process ingested knowledge for /app/data/tataelxsimockapisolutions5451/7903/b9780y6/Online-Examination-System-7903/OnlineExamSystem/EditExam.aspx.designer.cs
2026-01-06 10:44:20,715 - Knowledge - INFO - Found code-base-name: https://github.com/kavia-common/Online-Examination-System-7903.git:kavia-master
2026-01-06 10:44:20,867 - Knowledge - INFO - Found code_base: <app.utils.kg_build.knowledge.KnowledgeCodeBase object at 0x7f02f8886c10>
2026-01-06 10:44:21,141 - Knowledge - INFO - Found code-base-name: https://github.com/kavia-common/Online-Examination-System-7903.git:kavia-master
2026-01-06 10:44:21,337 - Knowledge - INFO - Found code_base: <app.utils.kg_build.knowledge.KnowledgeCodeBase object at 0x7f02f8886c10>
2026-01-06 10:44:21,520 - Knowledge - INFO - persist ingested knowledge for /app/data/tataelxsimockapisolutions5451/7903/b9780y6/Online-Examination-System-7903/OnlineExamSystem/UserProfile.aspx.cs
2026-01-06 10:44:21,799 - Knowledge - INFO - [MONGODB_OP] Completed: persist, Collection: file_info, Duration: 86ms
2026-01-06 10:44:22,305 - Knowledge - INFO - [REDIS_OP] Completed: store_embedding, Key: OnlineExamSystem/UserProfile.aspx.cs, Duration: 272ms
2026-01-06 10:44:22,473 - Knowledge - INFO - persist search terms embedding for OnlineExamSystem/UserProfile.aspx.cs
2026-01-06 10:44:22,640 - Knowledge - INFO - process ingested knowledge for /app/data/tataelxsimockapisolutions5451/7903/b9780y6/Online-Examination-System-7903/OnlineExamSystem/UserProfile.aspx.cs
2026-01-06 10:44:22,826 - Knowledge - INFO - Found code-base-name: https://github.com/kavia-common/Online-Examination-System-7903.git:kavia-master
2026-01-06 10:44:23,003 - Knowledge - INFO - Found code_base: <app.utils.kg_build.knowledge.KnowledgeCodeBase object at 0x7f02f8886c10>
2026-01-06 10:44:23,252 - Knowledge - INFO - Found code-base-name: https://github.com/kavia-common/Online-Examination-System-7903.git:kavia-master
2026-01-06 10:44:23,426 - Knowledge - INFO - Found code_base: <app.utils.kg_build.knowledge.KnowledgeCodeBase object at 0x7f02f8886c10>
2026-01-06 10:44:23,587 - Knowledge - INFO - persist ingested knowledge for /app/data/tataelxsimockapisolutions5451/7903/b9780y6/Online-Examination-System-7903/OnlineExamSystem/Dashboard.aspx.cs
2026-01-06 10:44:23,853 - Knowledge - INFO - [MONGODB_OP] Completed: persist, Collection: file_info, Duration: 91ms
2026-01-06 10:44:24,288 - Knowledge - INFO - [REDIS_OP] Completed: store_embedding, Key: OnlineExamSystem/Dashboard.aspx.cs, Duration: 278ms
2026-01-06 10:44:24,496 - Knowledge - INFO - persist search terms embedding for OnlineExamSystem/Dashboard.aspx.cs
2026-01-06 10:44:24,673 - Knowledge - INFO - process ingested knowledge for /app/data/tataelxsimockapisolutions5451/7903/b9780y6/Online-Examination-System-7903/OnlineExamSystem/Dashboard.aspx.cs
2026-01-06 10:44:24,847 - Knowledge - INFO - Found code-base-name: https://github.com/kavia-common/Online-Examination-System-7903.git:kavia-master
2026-01-06 10:44:25,031 - Knowledge - INFO - Found code_base: <app.utils.kg_build.knowledge.KnowledgeCodeBase object at 0x7f02f8886c10>
2026-01-06 10:44:25,269 - Knowledge - INFO - Found code-base-name: https://github.com/kavia-common/Online-Examination-System-7903.git:kavia-master
2026-01-06 10:44:25,481 - Knowledge - INFO - Found code_base: <app.utils.kg_build.knowledge.KnowledgeCodeBase object at 0x7f02f8886c10>
2026-01-06 10:44:25,649 - Knowledge - INFO - persist ingested knowledge for /app/data/tataelxsimockapisolutions5451/7903/b9780y6/Online-Examination-System-7903/OnlineExamSystem/StartExam.aspx.designer.cs
2026-01-06 10:44:25,913 - Knowledge - INFO - [MONGODB_OP] Completed: persist, Collection: file_info, Duration: 85ms
2026-01-06 10:44:26,300 - Knowledge - INFO - [REDIS_OP] Completed: store_embedding, Key: OnlineExamSystem/StartExam.aspx.designer.cs, Duration: 226ms
2026-01-06 10:44:26,486 - Knowledge - INFO - persist search terms embedding for OnlineExamSystem/StartExam.aspx.designer.cs
2026-01-06 10:44:26,670 - Knowledge - INFO - process ingested knowledge for /app/data/tataelxsimockapisolutions5451/7903/b9780y6/Online-Examination-System-7903/OnlineExamSystem/StartExam.aspx.designer.cs
2026-01-06 10:44:26,839 - Knowledge - INFO - Found code-base-name: https://github.com/kavia-common/Online-Examination-System-7903.git:kavia-master
2026-01-06 10:44:27,014 - Knowledge - INFO - Found code_base: <app.utils.kg_build.knowledge.KnowledgeCodeBase object at 0x7f02f8886c10>
2026-01-06 10:44:27,249 - Knowledge - INFO - Found code-base-name: https://github.com/kavia-common/Online-Examination-System-7903.git:kavia-master
2026-01-06 10:44:27,438 - Knowledge - INFO - Found code_base: <app.utils.kg_build.knowledge.KnowledgeCodeBase object at 0x7f02f8886c10>
2026-01-06 10:44:27,603 - Knowledge - INFO - persist ingested knowledge for /app/data/tataelxsimockapisolutions5451/7903/b9780y6/Online-Examination-System-7903/OnlineExamSystem/AdminPanel.aspx.designer.cs
2026-01-06 10:44:27,890 - Knowledge - INFO - [MONGODB_OP] Completed: persist, Collection: file_info, Duration: 94ms
2026-01-06 10:44:28,314 - Knowledge - INFO - [REDIS_OP] Completed: store_embedding, Key: OnlineExamSystem/AdminPanel.aspx.designer.cs, Duration: 216ms
2026-01-06 10:44:28,472 - Knowledge - INFO - persist search terms embedding for OnlineExamSystem/AdminPanel.aspx.designer.cs
2026-01-06 10:44:28,681 - Knowledge - INFO - process ingested knowledge for /app/data/tataelxsimockapisolutions5451/7903/b9780y6/Online-Examination-System-7903/OnlineExamSystem/AdminPanel.aspx.designer.cs
2026-01-06 10:44:28,843 - Knowledge - INFO - Found code-base-name: https://github.com/kavia-common/Online-Examination-System-7903.git:kavia-master
2026-01-06 10:44:29,040 - Knowledge - INFO - Found code_base: <app.utils.kg_build.knowledge.KnowledgeCodeBase object at 0x7f02f8886c10>
2026-01-06 10:44:29,405 - Knowledge - INFO - Found code-base-name: https://github.com/kavia-common/Online-Examination-System-7903.git:kavia-master
2026-01-06 10:44:29,608 - Knowledge - INFO - Found code_base: <app.utils.kg_build.knowledge.KnowledgeCodeBase object at 0x7f02f8886c10>
2026-01-06 10:44:29,809 - Knowledge - INFO - persist ingested knowledge for /app/data/tataelxsimockapisolutions5451/7903/b9780y6/Online-Examination-System-7903/packages/Microsoft.CodeDom.Providers.DotNetCompilerPlatform.1.0.0/lib/net45/Microsoft.CodeDom.Providers.DotNetCompilerPlatform.xml
2026-01-06 10:44:30,110 - Knowledge - INFO - [MONGODB_OP] Completed: persist, Collection: file_info, Duration: 98ms
2026-01-06 10:44:30,573 - Knowledge - INFO - [REDIS_OP] Completed: store_embedding, Key: packages/Microsoft.CodeDom.Providers.DotNetCompilerPlatform.1.0.0/lib/net45/Microsoft.CodeDom.Providers.DotNetCompilerPlatform.xml, Duration: 265ms
2026-01-06 10:44:30,749 - Knowledge - INFO - persist search terms embedding for packages/Microsoft.CodeDom.Providers.DotNetCompilerPlatform.1.0.0/lib/net45/Microsoft.CodeDom.Providers.DotNetCompilerPlatform.xml
2026-01-06 10:44:30,926 - Knowledge - INFO - process ingested knowledge for /app/data/tataelxsimockapisolutions5451/7903/b9780y6/Online-Examination-System-7903/packages/Microsoft.CodeDom.Providers.DotNetCompilerPlatform.1.0.0/lib/net45/Microsoft.CodeDom.Providers.DotNetCompilerPlatform.xml
2026-01-06 10:44:31,102 - Knowledge - INFO - Found code-base-name: https://github.com/kavia-common/Online-Examination-System-7903.git:kavia-master
2026-01-06 10:44:31,269 - Knowledge - INFO - Found code_base: <app.utils.kg_build.knowledge.KnowledgeCodeBase object at 0x7f02f8886c10>
2026-01-06 10:44:31,510 - Knowledge - INFO - Found code-base-name: https://github.com/kavia-common/Online-Examination-System-7903.git:kavia-master
2026-01-06 10:44:31,669 - Knowledge - INFO - Found code_base: <app.utils.kg_build.knowledge.KnowledgeCodeBase object at 0x7f02f8886c10>
2026-01-06 10:44:31,829 - Knowledge - INFO - persist ingested knowledge for /app/data/tataelxsimockapisolutions5451/7903/b9780y6/Online-Examination-System-7903/OnlineExamSystem/Leaderboard.aspx.designer.cs
2026-01-06 10:44:32,095 - Knowledge - INFO - [MONGODB_OP] Completed: persist, Collection: file_info, Duration: 112ms
2026-01-06 10:44:32,522 - Knowledge - INFO - [REDIS_OP] Completed: store_embedding, Key: OnlineExamSystem/Leaderboard.aspx.designer.cs, Duration: 267ms
2026-01-06 10:44:32,685 - Knowledge - INFO - persist search terms embedding for OnlineExamSystem/Leaderboard.aspx.designer.cs
2026-01-06 10:44:32,887 - Knowledge - INFO - process ingested knowledge for /app/data/tataelxsimockapisolutions5451/7903/b9780y6/Online-Examination-System-7903/OnlineExamSystem/Leaderboard.aspx.designer.cs
2026-01-06 10:44:33,074 - Knowledge - INFO - Found code-base-name: https://github.com/kavia-common/Online-Examination-System-7903.git:kavia-master
2026-01-06 10:44:33,264 - Knowledge - INFO - Found code_base: <app.utils.kg_build.knowledge.KnowledgeCodeBase object at 0x7f02f8886c10>
2026-01-06 10:44:33,558 - Knowledge - INFO - Found code-base-name: https://github.com/kavia-common/Online-Examination-System-7903.git:kavia-master
2026-01-06 10:44:33,719 - Knowledge - INFO - Found code_base: <app.utils.kg_build.knowledge.KnowledgeCodeBase object at 0x7f02f8886c10>
2026-01-06 10:44:33,856 - Knowledge - INFO - persist ingested knowledge for /app/data/tataelxsimockapisolutions5451/7903/b9780y6/Online-Examination-System-7903/OnlineExamSystem/MCQSet.aspx.designer.cs
2026-01-06 10:44:34,141 - Knowledge - INFO - [MONGODB_OP] Completed: persist, Collection: file_info, Duration: 91ms
2026-01-06 10:44:34,547 - Knowledge - INFO - [REDIS_OP] Completed: store_embedding, Key: OnlineExamSystem/MCQSet.aspx.designer.cs, Duration: 206ms
2026-01-06 10:44:34,709 - Knowledge - INFO - persist search terms embedding for OnlineExamSystem/MCQSet.aspx.designer.cs
2026-01-06 10:44:34,861 - Knowledge - INFO - process ingested knowledge for /app/data/tataelxsimockapisolutions5451/7903/b9780y6/Online-Examination-System-7903/OnlineExamSystem/MCQSet.aspx.designer.cs
2026-01-06 10:44:35,055 - Knowledge - INFO - Found code-base-name: https://github.com/kavia-common/Online-Examination-System-7903.git:kavia-master
2026-01-06 10:44:35,254 - Knowledge - INFO - Found code_base: <app.utils.kg_build.knowledge.KnowledgeCodeBase object at 0x7f02f8886c10>
2026-01-06 10:44:35,564 - Knowledge - INFO - Found code-base-name: https://github.com/kavia-common/Online-Examination-System-7903.git:kavia-master
2026-01-06 10:44:35,721 - Knowledge - INFO - Found code_base: <app.utils.kg_build.knowledge.KnowledgeCodeBase object at 0x7f02f8886c10>
2026-01-06 10:44:35,887 - Knowledge - INFO - persist ingested knowledge for /app/data/tataelxsimockapisolutions5451/7903/b9780y6/Online-Examination-System-7903/OnlineExamSystem/MCQExam.aspx.cs
2026-01-06 10:44:36,180 - Knowledge - INFO - [MONGODB_OP] Completed: persist, Collection: file_info, Duration: 102ms
2026-01-06 10:44:36,610 - Knowledge - INFO - [REDIS_OP] Completed: store_embedding, Key: OnlineExamSystem/MCQExam.aspx.cs, Duration: 221ms
2026-01-06 10:44:36,797 - Knowledge - INFO - persist search terms embedding for OnlineExamSystem/MCQExam.aspx.cs
2026-01-06 10:44:36,989 - Knowledge - INFO - process ingested knowledge for /app/data/tataelxsimockapisolutions5451/7903/b9780y6/Online-Examination-System-7903/OnlineExamSystem/MCQExam.aspx.cs
2026-01-06 10:44:37,169 - Knowledge - INFO - Found code-base-name: https://github.com/kavia-common/Online-Examination-System-7903.git:kavia-master
2026-01-06 10:44:37,326 - Knowledge - INFO - Found code_base: <app.utils.kg_build.knowledge.KnowledgeCodeBase object at 0x7f02f8886c10>
2026-01-06 10:44:37,577 - Knowledge - INFO - Found code-base-name: https://github.com/kavia-common/Online-Examination-System-7903.git:kavia-master
2026-01-06 10:44:37,752 - Knowledge - INFO - Found code_base: <app.utils.kg_build.knowledge.KnowledgeCodeBase object at 0x7f02f8886c10>
2026-01-06 10:44:37,893 - Knowledge - INFO - persist ingested knowledge for /app/data/tataelxsimockapisolutions5451/7903/b9780y6/Online-Examination-System-7903/OnlineExamSystem/AdminCourseQueue.aspx.cs
2026-01-06 10:44:38,156 - Knowledge - INFO - [MONGODB_OP] Completed: persist, Collection: file_info, Duration: 94ms
2026-01-06 10:44:38,558 - Knowledge - INFO - [REDIS_OP] Completed: store_embedding, Key: OnlineExamSystem/AdminCourseQueue.aspx.cs, Duration: 199ms
2026-01-06 10:44:38,723 - Knowledge - INFO - persist search terms embedding for OnlineExamSystem/AdminCourseQueue.aspx.cs
2026-01-06 10:44:38,907 - Knowledge - INFO - process ingested knowledge for /app/data/tataelxsimockapisolutions5451/7903/b9780y6/Online-Examination-System-7903/OnlineExamSystem/AdminCourseQueue.aspx.cs
2026-01-06 10:44:39,100 - Knowledge - INFO - Found code-base-name: https://github.com/kavia-common/Online-Examination-System-7903.git:kavia-master
2026-01-06 10:44:39,303 - Knowledge - INFO - Found code_base: <app.utils.kg_build.knowledge.KnowledgeCodeBase object at 0x7f02f8886c10>
2026-01-06 10:44:39,583 - Knowledge - INFO - Found code-base-name: https://github.com/kavia-common/Online-Examination-System-7903.git:kavia-master
2026-01-06 10:44:39,794 - Knowledge - INFO - Found code_base: <app.utils.kg_build.knowledge.KnowledgeCodeBase object at 0x7f02f8886c10>
2026-01-06 10:44:39,995 - Knowledge - INFO - persist ingested knowledge for /app/data/tataelxsimockapisolutions5451/7903/b9780y6/Online-Examination-System-7903/OnlineExamSystem/CSS/bootstrap.css
2026-01-06 10:44:40,300 - Knowledge - INFO - [MONGODB_OP] Completed: persist, Collection: file_info, Duration: 99ms
2026-01-06 10:44:40,721 - Knowledge - INFO - [REDIS_OP] Completed: store_embedding, Key: OnlineExamSystem/CSS/bootstrap.css, Duration: 252ms
2026-01-06 10:44:40,942 - Knowledge - INFO - persist search terms embedding for OnlineExamSystem/CSS/bootstrap.css
2026-01-06 10:44:41,140 - Knowledge - INFO - process ingested knowledge for /app/data/tataelxsimockapisolutions5451/7903/b9780y6/Online-Examination-System-7903/OnlineExamSystem/CSS/bootstrap.css
2026-01-06 10:44:41,313 - Knowledge - INFO - Found code-base-name: https://github.com/kavia-common/Online-Examination-System-7903.git:kavia-master
2026-01-06 10:44:41,529 - Knowledge - INFO - Found code_base: <app.utils.kg_build.knowledge.KnowledgeCodeBase object at 0x7f02f8886c10>
2026-01-06 10:44:41,747 - Knowledge - INFO - Found code-base-name: https://github.com/kavia-common/Online-Examination-System-7903.git:kavia-master
2026-01-06 10:44:41,914 - Knowledge - INFO - Found code_base: <app.utils.kg_build.knowledge.KnowledgeCodeBase object at 0x7f02f8886c10>
2026-01-06 10:44:42,095 - Knowledge - INFO - persist ingested knowledge for /app/data/tataelxsimockapisolutions5451/7903/b9780y6/Online-Examination-System-7903/OnlineExamSystem/UserProfile.aspx.designer.cs
2026-01-06 10:44:42,382 - Knowledge - INFO - [MONGODB_OP] Completed: persist, Collection: file_info, Duration: 104ms
2026-01-06 10:44:42,803 - Knowledge - INFO - [REDIS_OP] Completed: store_embedding, Key: OnlineExamSystem/UserProfile.aspx.designer.cs, Duration: 228ms
2026-01-06 10:44:42,977 - Knowledge - INFO - persist search terms embedding for OnlineExamSystem/UserProfile.aspx.designer.cs
2026-01-06 10:44:43,177 - Knowledge - INFO - process ingested knowledge for /app/data/tataelxsimockapisolutions5451/7903/b9780y6/Online-Examination-System-7903/OnlineExamSystem/UserProfile.aspx.designer.cs
2026-01-06 10:44:43,412 - Knowledge - INFO - Found code-base-name: https://github.com/kavia-common/Online-Examination-System-7903.git:kavia-master
2026-01-06 10:44:43,595 - Knowledge - INFO - Found code_base: <app.utils.kg_build.knowledge.KnowledgeCodeBase object at 0x7f02f8886c10>
2026-01-06 10:44:43,865 - Knowledge - INFO - Found code-base-name: https://github.com/kavia-common/Online-Examination-System-7903.git:kavia-master
2026-01-06 10:44:44,029 - Knowledge - INFO - Found code_base: <app.utils.kg_build.knowledge.KnowledgeCodeBase object at 0x7f02f8886c10>
2026-01-06 10:44:44,239 - Knowledge - INFO - persist ingested knowledge for /app/data/tataelxsimockapisolutions5451/7903/b9780y6/Online-Examination-System-7903/OnlineExamSystem/Dashboard.aspx.designer.cs
2026-01-06 10:44:44,543 - Knowledge - INFO - [MONGODB_OP] Completed: persist, Collection: file_info, Duration: 147ms
2026-01-06 10:44:45,062 - Knowledge - INFO - [REDIS_OP] Completed: store_embedding, Key: OnlineExamSystem/Dashboard.aspx.designer.cs, Duration: 302ms
2026-01-06 10:44:45,237 - Knowledge - INFO - persist search terms embedding for OnlineExamSystem/Dashboard.aspx.designer.cs
2026-01-06 10:44:45,430 - Knowledge - INFO - process ingested knowledge for /app/data/tataelxsimockapisolutions5451/7903/b9780y6/Online-Examination-System-7903/OnlineExamSystem/Dashboard.aspx.designer.cs
2026-01-06 10:44:45,636 - Knowledge - INFO - Found code-base-name: https://github.com/kavia-common/Online-Examination-System-7903.git:kavia-master
2026-01-06 10:44:45,783 - Knowledge - INFO - Found code_base: <app.utils.kg_build.knowledge.KnowledgeCodeBase object at 0x7f02f8886c10>
2026-01-06 10:44:46,059 - Knowledge - INFO - Found code-base-name: https://github.com/kavia-common/Online-Examination-System-7903.git:kavia-master
2026-01-06 10:44:46,218 - Knowledge - INFO - Found code_base: <app.utils.kg_build.knowledge.KnowledgeCodeBase object at 0x7f02f8886c10>
2026-01-06 10:44:46,424 - Knowledge - INFO - persist ingested knowledge for /app/data/tataelxsimockapisolutions5451/7903/b9780y6/Online-Examination-System-7903/OnlineExamSystem/TakenCourses.aspx.cs
2026-01-06 10:44:46,722 - Knowledge - INFO - [MONGODB_OP] Completed: persist, Collection: file_info, Duration: 91ms
2026-01-06 10:44:47,109 - Knowledge - INFO - [REDIS_OP] Completed: store_embedding, Key: OnlineExamSystem/TakenCourses.aspx.cs, Duration: 212ms
2026-01-06 10:44:47,260 - Knowledge - INFO - persist search terms embedding for OnlineExamSystem/TakenCourses.aspx.cs
2026-01-06 10:44:47,443 - Knowledge - INFO - process ingested knowledge for /app/data/tataelxsimockapisolutions5451/7903/b9780y6/Online-Examination-System-7903/OnlineExamSystem/TakenCourses.aspx.cs
2026-01-06 10:44:47,670 - Knowledge - INFO - Found code-base-name: https://github.com/kavia-common/Online-Examination-System-7903.git:kavia-master
2026-01-06 10:44:47,835 - Knowledge - INFO - Found code_base: <app.utils.kg_build.knowledge.KnowledgeCodeBase object at 0x7f02f8886c10>
2026-01-06 10:44:48,129 - Knowledge - INFO - Found code-base-name: https://github.com/kavia-common/Online-Examination-System-7903.git:kavia-master
2026-01-06 10:44:48,322 - Knowledge - INFO - Found code_base: <app.utils.kg_build.knowledge.KnowledgeCodeBase object at 0x7f02f8886c10>
2026-01-06 10:44:48,516 - Knowledge - INFO - persist ingested knowledge for /app/data/tataelxsimockapisolutions5451/7903/b9780y6/Online-Examination-System-7903/OnlineExamSystem/SetExam.aspx.cs
2026-01-06 10:44:48,802 - Knowledge - INFO - [MONGODB_OP] Completed: persist, Collection: file_info, Duration: 91ms
2026-01-06 10:44:49,255 - Knowledge - INFO - [REDIS_OP] Completed: store_embedding, Key: OnlineExamSystem/SetExam.aspx.cs, Duration: 290ms
2026-01-06 10:44:49,450 - Knowledge - INFO - persist search terms embedding for OnlineExamSystem/SetExam.aspx.cs
2026-01-06 10:44:49,630 - Knowledge - INFO - process ingested knowledge for /app/data/tataelxsimockapisolutions5451/7903/b9780y6/Online-Examination-System-7903/OnlineExamSystem/SetExam.aspx.cs
2026-01-06 10:44:49,783 - Knowledge - INFO - Found code-base-name: https://github.com/kavia-common/Online-Examination-System-7903.git:kavia-master
2026-01-06 10:44:49,964 - Knowledge - INFO - Found code_base: <app.utils.kg_build.knowledge.KnowledgeCodeBase object at 0x7f02f8886c10>
2026-01-06 10:44:50,235 - Knowledge - INFO - Found code-base-name: https://github.com/kavia-common/Online-Examination-System-7903.git:kavia-master
2026-01-06 10:44:50,421 - Knowledge - INFO - Found code_base: <app.utils.kg_build.knowledge.KnowledgeCodeBase object at 0x7f02f8886c10>
2026-01-06 10:44:50,606 - Knowledge - INFO - persist ingested knowledge for /app/data/tataelxsimockapisolutions5451/7903/b9780y6/Online-Examination-System-7903/OnlineExamSystem/EditMCQ.aspx.cs
2026-01-06 10:44:50,880 - Knowledge - INFO - [MONGODB_OP] Completed: persist, Collection: file_info, Duration: 95ms
2026-01-06 10:44:51,389 - Knowledge - INFO - [REDIS_OP] Completed: store_embedding, Key: OnlineExamSystem/EditMCQ.aspx.cs, Duration: 306ms
2026-01-06 10:44:51,587 - Knowledge - INFO - persist search terms embedding for OnlineExamSystem/EditMCQ.aspx.cs
2026-01-06 10:44:51,764 - Knowledge - INFO - process ingested knowledge for /app/data/tataelxsimockapisolutions5451/7903/b9780y6/Online-Examination-System-7903/OnlineExamSystem/EditMCQ.aspx.cs
2026-01-06 10:44:51,924 - Knowledge - INFO - Found code-base-name: https://github.com/kavia-common/Online-Examination-System-7903.git:kavia-master
2026-01-06 10:44:52,069 - Knowledge - INFO - Found code_base: <app.utils.kg_build.knowledge.KnowledgeCodeBase object at 0x7f02f8886c10>
2026-01-06 10:44:52,307 - Knowledge - INFO - Found code-base-name: https://github.com/kavia-common/Online-Examination-System-7903.git:kavia-master
2026-01-06 10:44:52,476 - Knowledge - INFO - Found code_base: <app.utils.kg_build.knowledge.KnowledgeCodeBase object at 0x7f02f8886c10>
2026-01-06 10:44:52,632 - Knowledge - INFO - persist ingested knowledge for /app/data/tataelxsimockapisolutions5451/7903/b9780y6/Online-Examination-System-7903/OnlineExamSystem/TheorySet.aspx.cs
2026-01-06 10:44:52,923 - Knowledge - INFO - [MONGODB_OP] Completed: persist, Collection: file_info, Duration: 101ms
2026-01-06 10:44:53,394 - Knowledge - INFO - [REDIS_OP] Completed: store_embedding, Key: OnlineExamSystem/TheorySet.aspx.cs, Duration: 264ms
2026-01-06 10:44:53,553 - Knowledge - INFO - persist search terms embedding for OnlineExamSystem/TheorySet.aspx.cs
2026-01-06 10:44:53,706 - Knowledge - INFO - process ingested knowledge for /app/data/tataelxsimockapisolutions5451/7903/b9780y6/Online-Examination-System-7903/OnlineExamSystem/TheorySet.aspx.cs
2026-01-06 10:44:53,905 - Knowledge - INFO - Found code-base-name: https://github.com/kavia-common/Online-Examination-System-7903.git:kavia-master
2026-01-06 10:44:54,098 - Knowledge - INFO - Found code_base: <app.utils.kg_build.knowledge.KnowledgeCodeBase object at 0x7f02f8886c10>
2026-01-06 10:44:54,332 - Knowledge - INFO - Found code-base-name: https://github.com/kavia-common/Online-Examination-System-7903.git:kavia-master
2026-01-06 10:44:54,516 - Knowledge - INFO - Found code_base: <app.utils.kg_build.knowledge.KnowledgeCodeBase object at 0x7f02f8886c10>
2026-01-06 10:44:54,705 - Knowledge - INFO - persist ingested knowledge for /app/data/tataelxsimockapisolutions5451/7903/b9780y6/Online-Examination-System-7903/OnlineExamSystem/ShowAns.aspx.cs
2026-01-06 10:44:54,987 - Knowledge - INFO - [MONGODB_OP] Completed: persist, Collection: file_info, Duration: 89ms
2026-01-06 10:44:55,487 - Knowledge - INFO - [REDIS_OP] Completed: store_embedding, Key: OnlineExamSystem/ShowAns.aspx.cs, Duration: 285ms
2026-01-06 10:44:55,639 - Knowledge - INFO - persist search terms embedding for OnlineExamSystem/ShowAns.aspx.cs
2026-01-06 10:44:55,814 - Knowledge - INFO - process ingested knowledge for /app/data/tataelxsimockapisolutions5451/7903/b9780y6/Online-Examination-System-7903/OnlineExamSystem/ShowAns.aspx.cs
2026-01-06 10:44:55,975 - Knowledge - INFO - Found code-base-name: https://github.com/kavia-common/Online-Examination-System-7903.git:kavia-master
2026-01-06 10:44:56,123 - Knowledge - INFO - Found code_base: <app.utils.kg_build.knowledge.KnowledgeCodeBase object at 0x7f02f8886c10>
2026-01-06 10:44:56,389 - Knowledge - INFO - Found code-base-name: https://github.com/kavia-common/Online-Examination-System-7903.git:kavia-master
2026-01-06 10:44:56,579 - Knowledge - INFO - Found code_base: <app.utils.kg_build.knowledge.KnowledgeCodeBase object at 0x7f02f8886c10>
2026-01-06 10:44:56,785 - Knowledge - INFO - persist ingested knowledge for /app/data/tataelxsimockapisolutions5451/7903/b9780y6/Online-Examination-System-7903/OnlineExamSystem/SignUpPage.aspx.cs
2026-01-06 10:44:57,084 - Knowledge - INFO - [MONGODB_OP] Completed: persist, Collection: file_info, Duration: 136ms
2026-01-06 10:44:57,473 - Knowledge - INFO - [REDIS_OP] Completed: store_embedding, Key: OnlineExamSystem/SignUpPage.aspx.cs, Duration: 225ms
2026-01-06 10:44:57,671 - Knowledge - INFO - persist search terms embedding for OnlineExamSystem/SignUpPage.aspx.cs
2026-01-06 10:44:57,845 - Knowledge - INFO - process ingested knowledge for /app/data/tataelxsimockapisolutions5451/7903/b9780y6/Online-Examination-System-7903/OnlineExamSystem/SignUpPage.aspx.cs
2026-01-06 10:44:58,073 - Knowledge - INFO - Found code-base-name: https://github.com/kavia-common/Online-Examination-System-7903.git:kavia-master
2026-01-06 10:44:58,257 - Knowledge - INFO - Found code_base: <app.utils.kg_build.knowledge.KnowledgeCodeBase object at 0x7f02f8886c10>
2026-01-06 10:44:58,518 - Knowledge - INFO - Found code-base-name: https://github.com/kavia-common/Online-Examination-System-7903.git:kavia-master
2026-01-06 10:44:58,676 - Knowledge - INFO - Found code_base: <app.utils.kg_build.knowledge.KnowledgeCodeBase object at 0x7f02f8886c10>
2026-01-06 10:44:58,835 - Knowledge - INFO - persist ingested knowledge for /app/data/tataelxsimockapisolutions5451/7903/b9780y6/Online-Examination-System-7903/README.md
2026-01-06 10:44:59,218 - Knowledge - INFO - [MONGODB_OP] Completed: persist, Collection: file_info, Duration: 181ms
2026-01-06 10:44:59,681 - Knowledge - INFO - [REDIS_OP] Completed: store_embedding, Key: README.md, Duration: 269ms
2026-01-06 10:44:59,867 - Knowledge - INFO - persist search terms embedding for README.md
2026-01-06 10:45:00,020 - Knowledge - INFO - process ingested knowledge for /app/data/tataelxsimockapisolutions5451/7903/b9780y6/Online-Examination-System-7903/README.md
2026-01-06 10:45:00,227 - Knowledge - INFO - Found code-base-name: https://github.com/kavia-common/Online-Examination-System-7903.git:kavia-master
2026-01-06 10:45:00,427 - Knowledge - INFO - Found code_base: <app.utils.kg_build.knowledge.KnowledgeCodeBase object at 0x7f02f8886c10>
2026-01-06 10:45:00,705 - Knowledge - INFO - Found code-base-name: https://github.com/kavia-common/Online-Examination-System-7903.git:kavia-master
2026-01-06 10:45:00,891 - Knowledge - INFO - Found code_base: <app.utils.kg_build.knowledge.KnowledgeCodeBase object at 0x7f02f8886c10>
2026-01-06 10:45:01,142 - Knowledge - INFO - persist ingested knowledge for /app/data/tataelxsimockapisolutions5451/7903/b9780y6/Online-Examination-System-7903/OnlineExamSystem/MCQExam.aspx.designer.cs
2026-01-06 10:45:01,458 - Knowledge - INFO - [MONGODB_OP] Completed: persist, Collection: file_info, Duration: 116ms
2026-01-06 10:45:01,852 - Knowledge - INFO - [REDIS_OP] Completed: store_embedding, Key: OnlineExamSystem/MCQExam.aspx.designer.cs, Duration: 237ms
2026-01-06 10:45:02,016 - Knowledge - INFO - persist search terms embedding for OnlineExamSystem/MCQExam.aspx.designer.cs
2026-01-06 10:45:02,194 - Knowledge - INFO - process ingested knowledge for /app/data/tataelxsimockapisolutions5451/7903/b9780y6/Online-Examination-System-7903/OnlineExamSystem/MCQExam.aspx.designer.cs
2026-01-06 10:45:02,409 - Knowledge - INFO - Found code-base-name: https://github.com/kavia-common/Online-Examination-System-7903.git:kavia-master
2026-01-06 10:45:02,563 - Knowledge - INFO - Found code_base: <app.utils.kg_build.knowledge.KnowledgeCodeBase object at 0x7f02f8886c10>
2026-01-06 10:45:02,787 - Knowledge - INFO - Found code-base-name: https://github.com/kavia-common/Online-Examination-System-7903.git:kavia-master
2026-01-06 10:45:03,002 - Knowledge - INFO - Found code_base: <app.utils.kg_build.knowledge.KnowledgeCodeBase object at 0x7f02f8886c10>
2026-01-06 10:45:03,185 - Knowledge - INFO - persist ingested knowledge for /app/data/tataelxsimockapisolutions5451/7903/b9780y6/Online-Examination-System-7903/database-script/README.md
2026-01-06 10:45:03,475 - Knowledge - INFO - [MONGODB_OP] Completed: persist, Collection: file_info, Duration: 94ms
2026-01-06 10:45:03,862 - Knowledge - INFO - [REDIS_OP] Completed: store_embedding, Key: database-script/README.md, Duration: 197ms
2026-01-06 10:45:04,102 - Knowledge - INFO - persist search terms embedding for database-script/README.md
2026-01-06 10:45:04,270 - Knowledge - INFO - process ingested knowledge for /app/data/tataelxsimockapisolutions5451/7903/b9780y6/Online-Examination-System-7903/database-script/README.md
2026-01-06 10:45:04,435 - Knowledge - INFO - Found code-base-name: https://github.com/kavia-common/Online-Examination-System-7903.git:kavia-master
2026-01-06 10:45:04,634 - Knowledge - INFO - Found code_base: <app.utils.kg_build.knowledge.KnowledgeCodeBase object at 0x7f02f8886c10>
2026-01-06 10:45:04,871 - Knowledge - INFO - Found code-base-name: https://github.com/kavia-common/Online-Examination-System-7903.git:kavia-master
2026-01-06 10:45:05,029 - Knowledge - INFO - Found code_base: <app.utils.kg_build.knowledge.KnowledgeCodeBase object at 0x7f02f8886c10>
2026-01-06 10:45:05,224 - Knowledge - INFO - persist ingested knowledge for /app/data/tataelxsimockapisolutions5451/7903/b9780y6/Online-Examination-System-7903/OnlineExamSystem/DownloadPdf.aspx.designer.cs
2026-01-06 10:45:05,509 - Knowledge - INFO - [MONGODB_OP] Completed: persist, Collection: file_info, Duration: 116ms
2026-01-06 10:45:05,918 - Knowledge - INFO - [REDIS_OP] Completed: store_embedding, Key: OnlineExamSystem/DownloadPdf.aspx.designer.cs, Duration: 251ms
2026-01-06 10:45:06,078 - Knowledge - INFO - persist search terms embedding for OnlineExamSystem/DownloadPdf.aspx.designer.cs
2026-01-06 10:45:06,356 - Knowledge - INFO - process ingested knowledge for /app/data/tataelxsimockapisolutions5451/7903/b9780y6/Online-Examination-System-7903/OnlineExamSystem/DownloadPdf.aspx.designer.cs
2026-01-06 10:45:06,579 - Knowledge - INFO - Found code-base-name: https://github.com/kavia-common/Online-Examination-System-7903.git:kavia-master
2026-01-06 10:45:06,737 - Knowledge - INFO - Found code_base: <app.utils.kg_build.knowledge.KnowledgeCodeBase object at 0x7f02f8886c10>
2026-01-06 10:45:07,012 - Knowledge - INFO - Found code-base-name: https://github.com/kavia-common/Online-Examination-System-7903.git:kavia-master
2026-01-06 10:45:07,170 - Knowledge - INFO - Found code_base: <app.utils.kg_build.knowledge.KnowledgeCodeBase object at 0x7f02f8886c10>
2026-01-06 10:45:07,312 - Knowledge - INFO - persist ingested knowledge for /app/data/tataelxsimockapisolutions5451/7903/b9780y6/Online-Examination-System-7903/OnlineExamSystem/EditExam.aspx.cs
2026-01-06 10:45:07,568 - Knowledge - INFO - [MONGODB_OP] Completed: persist, Collection: file_info, Duration: 101ms
2026-01-06 10:45:07,943 - Knowledge - INFO - [REDIS_OP] Completed: store_embedding, Key: OnlineExamSystem/EditExam.aspx.cs, Duration: 215ms
2026-01-06 10:45:08,102 - Knowledge - INFO - persist search terms embedding for OnlineExamSystem/EditExam.aspx.cs
2026-01-06 10:45:08,264 - Knowledge - INFO - process ingested knowledge for /app/data/tataelxsimockapisolutions5451/7903/b9780y6/Online-Examination-System-7903/OnlineExamSystem/EditExam.aspx.cs
2026-01-06 10:45:08,481 - Knowledge - INFO - Found code-base-name: https://github.com/kavia-common/Online-Examination-System-7903.git:kavia-master
2026-01-06 10:45:08,638 - Knowledge - INFO - Found code_base: <app.utils.kg_build.knowledge.KnowledgeCodeBase object at 0x7f02f8886c10>
2026-01-06 10:45:08,886 - Knowledge - INFO - Found code-base-name: https://github.com/kavia-common/Online-Examination-System-7903.git:kavia-master
2026-01-06 10:45:09,080 - Knowledge - INFO - Found code_base: <app.utils.kg_build.knowledge.KnowledgeCodeBase object at 0x7f02f8886c10>
2026-01-06 10:45:09,317 - Knowledge - INFO - persist ingested knowledge for /app/data/tataelxsimockapisolutions5451/7903/b9780y6/Online-Examination-System-7903/OnlineExamSystem/EditTheory.aspx.cs
2026-01-06 10:45:09,550 - Knowledge - INFO - [MONGODB_OP] Completed: persist, Collection: file_info, Duration: 90ms
2026-01-06 10:45:09,954 - Knowledge - INFO - [REDIS_OP] Completed: store_embedding, Key: OnlineExamSystem/EditTheory.aspx.cs, Duration: 207ms
2026-01-06 10:45:10,127 - Knowledge - INFO - persist search terms embedding for OnlineExamSystem/EditTheory.aspx.cs
2026-01-06 10:45:10,292 - Knowledge - INFO - process ingested knowledge for /app/data/tataelxsimockapisolutions5451/7903/b9780y6/Online-Examination-System-7903/OnlineExamSystem/EditTheory.aspx.cs
2026-01-06 10:45:10,497 - Knowledge - INFO - Found code-base-name: https://github.com/kavia-common/Online-Examination-System-7903.git:kavia-master
2026-01-06 10:45:10,651 - Knowledge - INFO - Found code_base: <app.utils.kg_build.knowledge.KnowledgeCodeBase object at 0x7f02f8886c10>
2026-01-06 10:45:10,911 - Knowledge - INFO - Found code-base-name: https://github.com/kavia-common/Online-Examination-System-7903.git:kavia-master
2026-01-06 10:45:11,093 - Knowledge - INFO - Found code_base: <app.utils.kg_build.knowledge.KnowledgeCodeBase object at 0x7f02f8886c10>
2026-01-06 10:45:11,303 - Knowledge - INFO - persist ingested knowledge for /app/data/tataelxsimockapisolutions5451/7903/b9780y6/Online-Examination-System-7903/OnlineExamSystem/StartExam.aspx.cs
2026-01-06 10:45:11,543 - Knowledge - INFO - [MONGODB_OP] Completed: persist, Collection: file_info, Duration: 85ms
2026-01-06 10:45:11,940 - Knowledge - INFO - [REDIS_OP] Completed: store_embedding, Key: OnlineExamSystem/StartExam.aspx.cs, Duration: 232ms
2026-01-06 10:45:12,124 - Knowledge - INFO - persist search terms embedding for OnlineExamSystem/StartExam.aspx.cs
2026-01-06 10:45:12,327 - Knowledge - INFO - process ingested knowledge for /app/data/tataelxsimockapisolutions5451/7903/b9780y6/Online-Examination-System-7903/OnlineExamSystem/StartExam.aspx.cs
2026-01-06 10:45:12,508 - Knowledge - INFO - Found code-base-name: https://github.com/kavia-common/Online-Examination-System-7903.git:kavia-master
2026-01-06 10:45:12,680 - Knowledge - INFO - Found code_base: <app.utils.kg_build.knowledge.KnowledgeCodeBase object at 0x7f02f8886c10>
2026-01-06 10:45:12,927 - Knowledge - INFO - Found code-base-name: https://github.com/kavia-common/Online-Examination-System-7903.git:kavia-master
2026-01-06 10:45:13,086 - Knowledge - INFO - Found code_base: <app.utils.kg_build.knowledge.KnowledgeCodeBase object at 0x7f02f8886c10>
2026-01-06 10:45:13,287 - Knowledge - INFO - persist ingested knowledge for /app/data/tataelxsimockapisolutions5451/7903/b9780y6/Online-Examination-System-7903/OnlineExamSystem/AdminPanel.aspx.cs
2026-01-06 10:45:13,587 - Knowledge - INFO - [MONGODB_OP] Completed: persist, Collection: file_info, Duration: 87ms
2026-01-06 10:45:13,990 - Knowledge - INFO - [REDIS_OP] Completed: store_embedding, Key: OnlineExamSystem/AdminPanel.aspx.cs, Duration: 199ms
2026-01-06 10:45:14,130 - Knowledge - INFO - persist search terms embedding for OnlineExamSystem/AdminPanel.aspx.cs
2026-01-06 10:45:14,357 - Knowledge - INFO - process ingested knowledge for /app/data/tataelxsimockapisolutions5451/7903/b9780y6/Online-Examination-System-7903/OnlineExamSystem/AdminPanel.aspx.cs
2026-01-06 10:45:14,541 - Knowledge - INFO - Found code-base-name: https://github.com/kavia-common/Online-Examination-System-7903.git:kavia-master
2026-01-06 10:45:14,718 - Knowledge - INFO - Found code_base: <app.utils.kg_build.knowledge.KnowledgeCodeBase object at 0x7f02f8886c10>
2026-01-06 10:45:14,956 - Knowledge - INFO - Found code-base-name: https://github.com/kavia-common/Online-Examination-System-7903.git:kavia-master
2026-01-06 10:45:15,105 - Knowledge - INFO - Found code_base: <app.utils.kg_build.knowledge.KnowledgeCodeBase object at 0x7f02f8886c10>
2026-01-06 10:45:15,324 - Knowledge - INFO - persist ingested knowledge for /app/data/tataelxsimockapisolutions5451/7903/b9780y6/Online-Examination-System-7903/OnlineExamSystem/ExamResult.aspx.designer.cs
2026-01-06 10:45:15,629 - Knowledge - INFO - [MONGODB_OP] Completed: persist, Collection: file_info, Duration: 89ms
2026-01-06 10:45:16,011 - Knowledge - INFO - [REDIS_OP] Completed: store_embedding, Key: OnlineExamSystem/ExamResult.aspx.designer.cs, Duration: 204ms
2026-01-06 10:45:16,215 - Knowledge - INFO - persist search terms embedding for OnlineExamSystem/ExamResult.aspx.designer.cs
2026-01-06 10:45:16,389 - Knowledge - INFO - process ingested knowledge for /app/data/tataelxsimockapisolutions5451/7903/b9780y6/Online-Examination-System-7903/OnlineExamSystem/ExamResult.aspx.designer.cs
2026-01-06 10:45:16,585 - Knowledge - INFO - Found code-base-name: https://github.com/kavia-common/Online-Examination-System-7903.git:kavia-master
2026-01-06 10:45:16,752 - Knowledge - INFO - Found code_base: <app.utils.kg_build.knowledge.KnowledgeCodeBase object at 0x7f02f8886c10>
2026-01-06 10:45:16,989 - Knowledge - INFO - Found code-base-name: https://github.com/kavia-common/Online-Examination-System-7903.git:kavia-master
2026-01-06 10:45:17,163 - Knowledge - INFO - Found code_base: <app.utils.kg_build.knowledge.KnowledgeCodeBase object at 0x7f02f8886c10>
2026-01-06 10:45:17,408 - Knowledge - INFO - persist ingested knowledge for /app/data/tataelxsimockapisolutions5451/7903/b9780y6/Online-Examination-System-7903/OnlineExamSystem/LoginPage.aspx.designer.cs
2026-01-06 10:45:17,664 - Knowledge - INFO - [MONGODB_OP] Completed: persist, Collection: file_info, Duration: 89ms
2026-01-06 10:45:18,115 - Knowledge - INFO - [REDIS_OP] Completed: store_embedding, Key: OnlineExamSystem/LoginPage.aspx.designer.cs, Duration: 268ms
2026-01-06 10:45:18,281 - Knowledge - INFO - persist search terms embedding for OnlineExamSystem/LoginPage.aspx.designer.cs
2026-01-06 10:45:18,445 - Knowledge - INFO - process ingested knowledge for /app/data/tataelxsimockapisolutions5451/7903/b9780y6/Online-Examination-System-7903/OnlineExamSystem/LoginPage.aspx.designer.cs
2026-01-06 10:45:18,613 - Knowledge - INFO - Found code-base-name: https://github.com/kavia-common/Online-Examination-System-7903.git:kavia-master
2026-01-06 10:45:18,788 - Knowledge - INFO - Found code_base: <app.utils.kg_build.knowledge.KnowledgeCodeBase object at 0x7f02f8886c10>
2026-01-06 10:45:19,042 - Knowledge - INFO - Found code-base-name: https://github.com/kavia-common/Online-Examination-System-7903.git:kavia-master
2026-01-06 10:45:19,202 - Knowledge - INFO - Found code_base: <app.utils.kg_build.knowledge.KnowledgeCodeBase object at 0x7f02f8886c10>
2026-01-06 10:45:19,365 - Knowledge - INFO - persist ingested knowledge for /app/data/tataelxsimockapisolutions5451/7903/b9780y6/Online-Examination-System-7903/OnlineExamSystem/TheoryExam.aspx.designer.cs
2026-01-06 10:45:19,679 - Knowledge - INFO - [MONGODB_OP] Completed: persist, Collection: file_info, Duration: 88ms
2026-01-06 10:45:20,069 - Knowledge - INFO - [REDIS_OP] Completed: store_embedding, Key: OnlineExamSystem/TheoryExam.aspx.designer.cs, Duration: 226ms
2026-01-06 10:45:20,255 - Knowledge - INFO - persist search terms embedding for OnlineExamSystem/TheoryExam.aspx.designer.cs
2026-01-06 10:45:20,471 - Knowledge - INFO - process ingested knowledge for /app/data/tataelxsimockapisolutions5451/7903/b9780y6/Online-Examination-System-7903/OnlineExamSystem/TheoryExam.aspx.designer.cs
2026-01-06 10:45:20,704 - Knowledge - INFO - Found code-base-name: https://github.com/kavia-common/Online-Examination-System-7903.git:kavia-master
2026-01-06 10:45:20,914 - Knowledge - INFO - Found code_base: <app.utils.kg_build.knowledge.KnowledgeCodeBase object at 0x7f02f8886c10>
2026-01-06 10:45:21,178 - Knowledge - INFO - Found code-base-name: https://github.com/kavia-common/Online-Examination-System-7903.git:kavia-master
2026-01-06 10:45:21,359 - Knowledge - INFO - Found code_base: <app.utils.kg_build.knowledge.KnowledgeCodeBase object at 0x7f02f8886c10>
2026-01-06 10:45:21,524 - Knowledge - INFO - persist ingested knowledge for /app/data/tataelxsimockapisolutions5451/7903/b9780y6/Online-Examination-System-7903/OnlineExamSystem/Leaderboard.aspx.cs
2026-01-06 10:45:21,764 - Knowledge - INFO - [MONGODB_OP] Completed: persist, Collection: file_info, Duration: 91ms
2026-01-06 10:45:22,125 - Knowledge - INFO - [REDIS_OP] Completed: store_embedding, Key: OnlineExamSystem/Leaderboard.aspx.cs, Duration: 183ms
2026-01-06 10:45:22,306 - Knowledge - INFO - persist search terms embedding for OnlineExamSystem/Leaderboard.aspx.cs
2026-01-06 10:45:22,451 - Knowledge - INFO - process ingested knowledge for /app/data/tataelxsimockapisolutions5451/7903/b9780y6/Online-Examination-System-7903/OnlineExamSystem/Leaderboard.aspx.cs
2026-01-06 10:45:22,647 - Knowledge - INFO - Found code-base-name: https://github.com/kavia-common/Online-Examination-System-7903.git:kavia-master
2026-01-06 10:45:22,796 - Knowledge - INFO - Found code_base: <app.utils.kg_build.knowledge.KnowledgeCodeBase object at 0x7f02f8886c10>
2026-01-06 10:45:23,022 - Knowledge - INFO - Found code-base-name: https://github.com/kavia-common/Online-Examination-System-7903.git:kavia-master
2026-01-06 10:45:23,253 - Knowledge - INFO - Found code_base: <app.utils.kg_build.knowledge.KnowledgeCodeBase object at 0x7f02f8886c10>
2026-01-06 10:45:23,429 - Knowledge - INFO - persist ingested knowledge for /app/data/tataelxsimockapisolutions5451/7903/b9780y6/Online-Examination-System-7903/OnlineExamSystem/AdminQueue.aspx.designer.cs
2026-01-06 10:45:23,694 - Knowledge - INFO - [MONGODB_OP] Completed: persist, Collection: file_info, Duration: 90ms
2026-01-06 10:45:24,138 - Knowledge - INFO - [REDIS_OP] Completed: store_embedding, Key: OnlineExamSystem/AdminQueue.aspx.designer.cs, Duration: 281ms
2026-01-06 10:45:24,344 - Knowledge - INFO - persist search terms embedding for OnlineExamSystem/AdminQueue.aspx.designer.cs
2026-01-06 10:45:24,553 - Knowledge - INFO - process ingested knowledge for /app/data/tataelxsimockapisolutions5451/7903/b9780y6/Online-Examination-System-7903/OnlineExamSystem/AdminQueue.aspx.designer.cs
2026-01-06 10:45:24,716 - Knowledge - INFO - Found code-base-name: https://github.com/kavia-common/Online-Examination-System-7903.git:kavia-master
2026-01-06 10:45:24,897 - Knowledge - INFO - Found code_base: <app.utils.kg_build.knowledge.KnowledgeCodeBase object at 0x7f02f8886c10>
2026-01-06 10:45:25,145 - Knowledge - INFO - Found code-base-name: https://github.com/kavia-common/Online-Examination-System-7903.git:kavia-master
2026-01-06 10:45:25,322 - Knowledge - INFO - Found code_base: <app.utils.kg_build.knowledge.KnowledgeCodeBase object at 0x7f02f8886c10>
2026-01-06 10:45:25,504 - Knowledge - INFO - persist ingested knowledge for /app/data/tataelxsimockapisolutions5451/7903/b9780y6/Online-Examination-System-7903/OnlineExamSystem/AdminLeaderboard.aspx.designer.cs
2026-01-06 10:45:25,806 - Knowledge - INFO - [MONGODB_OP] Completed: persist, Collection: file_info, Duration: 109ms
2026-01-06 10:45:26,284 - Knowledge - INFO - [REDIS_OP] Completed: store_embedding, Key: OnlineExamSystem/AdminLeaderboard.aspx.designer.cs, Duration: 297ms
2026-01-06 10:45:26,461 - Knowledge - INFO - persist search terms embedding for OnlineExamSystem/AdminLeaderboard.aspx.designer.cs
2026-01-06 10:45:26,605 - Knowledge - INFO - process ingested knowledge for /app/data/tataelxsimockapisolutions5451/7903/b9780y6/Online-Examination-System-7903/OnlineExamSystem/AdminLeaderboard.aspx.designer.cs
2026-01-06 10:45:26,787 - Knowledge - INFO - Found code-base-name: https://github.com/kavia-common/Online-Examination-System-7903.git:kavia-master
2026-01-06 10:45:26,965 - Knowledge - INFO - Found code_base: <app.utils.kg_build.knowledge.KnowledgeCodeBase object at 0x7f02f8886c10>
2026-01-06 10:45:27,198 - Knowledge - INFO - Found code-base-name: https://github.com/kavia-common/Online-Examination-System-7903.git:kavia-master
2026-01-06 10:45:27,374 - Knowledge - INFO - Found code_base: <app.utils.kg_build.knowledge.KnowledgeCodeBase object at 0x7f02f8886c10>
2026-01-06 10:45:27,563 - Knowledge - INFO - persist ingested knowledge for /app/data/tataelxsimockapisolutions5451/7903/b9780y6/Online-Examination-System-7903/OnlineExamSystem/MCQSet.aspx.cs
2026-01-06 10:45:27,808 - Knowledge - INFO - [MONGODB_OP] Completed: persist, Collection: file_info, Duration: 88ms
2026-01-06 10:45:28,214 - Knowledge - INFO - [REDIS_OP] Completed: store_embedding, Key: OnlineExamSystem/MCQSet.aspx.cs, Duration: 244ms
2026-01-06 10:45:28,392 - Knowledge - INFO - persist search terms embedding for OnlineExamSystem/MCQSet.aspx.cs
2026-01-06 10:45:28,608 - Knowledge - INFO - process ingested knowledge for /app/data/tataelxsimockapisolutions5451/7903/b9780y6/Online-Examination-System-7903/OnlineExamSystem/MCQSet.aspx.cs
2026-01-06 10:45:28,811 - Knowledge - INFO - Loaded 50 files from persisted knowledge
2026-01-06 10:45:28,992 - Knowledge - INFO - load persisted knowledge: end
2026-01-06 10:45:29,157 - Knowledge - INFO - Redis support added with prefix knowledge:b9780y6:
2026-01-06 10:45:29,579 - Knowledge - INFO - Starting knowledge initialization for ID: z3RTBC-b9780y6
2026-01-06 10:45:29,779 - Knowledge - INFO - 🔍 Checking Redis for build_id: b9780y6
2026-01-06 10:45:29,968 - Knowledge - INFO - 🔍 Full session ID: z3RTBC-b9780y6
2026-01-06 10:45:30,123 - Knowledge - INFO - 🔍 Redis prefix will be: knowledge:b9780y6:
2026-01-06 10:45:30,351 - Knowledge - INFO - 🔍 Using attached load_from_redis() method
2026-01-06 10:45:30,578 - Knowledge - INFO - 🔍 Attempting to load knowledge from Redis...
2026-01-06 10:45:30,727 - Knowledge - INFO - 🔍 Using derived instance_id for Redis lookup: b9780y6
2026-01-06 10:45:30,936 - Knowledge - INFO - ✅ Redis cache found! Loading knowledge...
2026-01-06 10:45:31,148 - Knowledge - INFO - ✅ Successfully loaded from Redis: 50 files
2026-01-06 10:45:31,302 - Knowledge - INFO - ✅ Redis load complete: 50 files in 0.95s
2026-01-06 10:45:31,455 - Knowledge - INFO - ⚡ Total Redis path: 0.95s (vs ~300s from disk)
2026-01-06 10:45:31,645 - Knowledge - INFO - Saving knowledge to Redis...
2026-01-06 10:45:31,850 - Knowledge - INFO - Knowledge saved to Redis successfully
2026-01-06 11:10:28,001 - Knowledge - INFO - Created shared MongoDB connection pool
2026-01-06 11:10:28,300 - Knowledge - INFO - Starting Knowledge Graph processing with 20 threads
2026-01-06 11:10:28,492 - Knowledge - INFO - Initial configuration: chunk_size=65536, max_cache_size=500
2026-01-06 11:10:28,645 - Knowledge - INFO - Knowledge Graph concurrency configuration: workers=20, max_batch_size=10, max_concurrent_llm_calls=50
2026-01-06 11:10:29,743 - Knowledge - INFO - 🔍 _load_persisted_knowledge called - checking for Redis optimization
2026-01-06 11:10:29,896 - Knowledge - WARNING - ❌ load_from_redis method not found - Redis support not attached
2026-01-06 11:10:30,047 - Knowledge - INFO - load persisted knowledge: begin
2026-01-06 11:10:30,776 - Knowledge - INFO - Persisted knowledge files in /app/data/tataelxsimockapisolutions5451/7903/b9780y6/Online-Examination-System-7903/.knowledge have been renamed to use .json
2026-01-06 11:10:30,963 - Knowledge - INFO - Found code-base-name: https://github.com/kavia-common/Online-Examination-System-7903.git:kavia-master
2026-01-06 11:10:31,132 - Knowledge - INFO - Found code_base: <app.utils.kg_build.knowledge.KnowledgeCodeBase object at 0x7f8bbd8c6b50>
2026-01-06 11:10:31,313 - Knowledge - INFO - process ingested knowledge for /app/data/tataelxsimockapisolutions5451/7903/b9780y6/Online-Examination-System-7903/OnlineExamSystem/Properties/AssemblyInfo.cs
2026-01-06 11:10:31,494 - Knowledge - INFO - Found code-base-name: https://github.com/kavia-common/Online-Examination-System-7903.git:kavia-master
2026-01-06 11:10:31,737 - Knowledge - INFO - Found code_base: <app.utils.kg_build.knowledge.KnowledgeCodeBase object at 0x7f8bbd8c6b50>
2026-01-06 11:10:31,921 - Knowledge - INFO - process ingested knowledge for /app/data/tataelxsimockapisolutions5451/7903/b9780y6/Online-Examination-System-7903/OnlineExamSystem/AdminLeaderboard.aspx.cs
2026-01-06 11:10:32,123 - Knowledge - INFO - Found code-base-name: https://github.com/kavia-common/Online-Examination-System-7903.git:kavia-master
2026-01-06 11:10:32,314 - Knowledge - INFO - Found code_base: <app.utils.kg_build.knowledge.KnowledgeCodeBase object at 0x7f8bbd8c6b50>
2026-01-06 11:10:32,545 - Knowledge - INFO - process ingested knowledge for /app/data/tataelxsimockapisolutions5451/7903/b9780y6/Online-Examination-System-7903/OnlineExamSystem/AdminCourseQueue.aspx.designer.cs
2026-01-06 11:10:32,726 - Knowledge - INFO - Found code-base-name: https://github.com/kavia-common/Online-Examination-System-7903.git:kavia-master
2026-01-06 11:10:32,911 - Knowledge - INFO - Found code_base: <app.utils.kg_build.knowledge.KnowledgeCodeBase object at 0x7f8bbd8c6b50>
2026-01-06 11:10:33,093 - Knowledge - INFO - process ingested knowledge for /app/data/tataelxsimockapisolutions5451/7903/b9780y6/Online-Examination-System-7903/OnlineExamSystem/AdminQueue.aspx.cs
2026-01-06 11:10:33,261 - Knowledge - INFO - Found code-base-name: https://github.com/kavia-common/Online-Examination-System-7903.git:kavia-master
2026-01-06 11:10:33,431 - Knowledge - INFO - Found code_base: <app.utils.kg_build.knowledge.KnowledgeCodeBase object at 0x7f8bbd8c6b50>
2026-01-06 11:10:33,621 - Knowledge - INFO - process ingested knowledge for /app/data/tataelxsimockapisolutions5451/7903/b9780y6/Online-Examination-System-7903/OnlineExamSystem/TheorySet.aspx.designer.cs
2026-01-06 11:10:33,818 - Knowledge - INFO - Found code-base-name: https://github.com/kavia-common/Online-Examination-System-7903.git:kavia-master
2026-01-06 11:10:33,965 - Knowledge - INFO - Found code_base: <app.utils.kg_build.knowledge.KnowledgeCodeBase object at 0x7f8bbd8c6b50>
2026-01-06 11:10:34,190 - Knowledge - INFO - process ingested knowledge for /app/data/tataelxsimockapisolutions5451/7903/b9780y6/Online-Examination-System-7903/OnlineExamSystem/EditMCQ.aspx.designer.cs
2026-01-06 11:10:34,390 - Knowledge - INFO - Found code-base-name: https://github.com/kavia-common/Online-Examination-System-7903.git:kavia-master
2026-01-06 11:10:34,535 - Knowledge - INFO - Found code_base: <app.utils.kg_build.knowledge.KnowledgeCodeBase object at 0x7f8bbd8c6b50>
2026-01-06 11:10:34,702 - Knowledge - INFO - process ingested knowledge for /app/data/tataelxsimockapisolutions5451/7903/b9780y6/Online-Examination-System-7903/OnlineExamSystem/LoginPage.aspx.cs
2026-01-06 11:10:34,891 - Knowledge - INFO - Found code-base-name: https://github.com/kavia-common/Online-Examination-System-7903.git:kavia-master
2026-01-06 11:10:35,046 - Knowledge - INFO - Found code_base: <app.utils.kg_build.knowledge.KnowledgeCodeBase object at 0x7f8bbd8c6b50>
2026-01-06 11:10:35,223 - Knowledge - INFO - process ingested knowledge for /app/data/tataelxsimockapisolutions5451/7903/b9780y6/Online-Examination-System-7903/database-script/Online-Examination-System-Databse-Script.sql
2026-01-06 11:10:35,413 - Knowledge - INFO - Found code-base-name: https://github.com/kavia-common/Online-Examination-System-7903.git:kavia-master
2026-01-06 11:10:35,579 - Knowledge - INFO - Found code_base: <app.utils.kg_build.knowledge.KnowledgeCodeBase object at 0x7f8bbd8c6b50>
2026-01-06 11:10:35,714 - Knowledge - INFO - process ingested knowledge for /app/data/tataelxsimockapisolutions5451/7903/b9780y6/Online-Examination-System-7903/OnlineExamSystem/TheoryExam.aspx.cs
2026-01-06 11:10:35,886 - Knowledge - INFO - Found code-base-name: https://github.com/kavia-common/Online-Examination-System-7903.git:kavia-master
2026-01-06 11:10:36,085 - Knowledge - INFO - Found code_base: <app.utils.kg_build.knowledge.KnowledgeCodeBase object at 0x7f8bbd8c6b50>
2026-01-06 11:10:36,248 - Knowledge - INFO - process ingested knowledge for /app/data/tataelxsimockapisolutions5451/7903/b9780y6/Online-Examination-System-7903/OnlineExamSystem/TakenCourses.aspx.designer.cs
2026-01-06 11:10:36,419 - Knowledge - INFO - Found code-base-name: https://github.com/kavia-common/Online-Examination-System-7903.git:kavia-master
2026-01-06 11:10:36,631 - Knowledge - INFO - Found code_base: <app.utils.kg_build.knowledge.KnowledgeCodeBase object at 0x7f8bbd8c6b50>
2026-01-06 11:10:36,779 - Knowledge - INFO - process ingested knowledge for /app/data/tataelxsimockapisolutions5451/7903/b9780y6/Online-Examination-System-7903/OnlineExamSystem/SetExam.aspx.designer.cs
2026-01-06 11:10:36,920 - Knowledge - INFO - Found code-base-name: https://github.com/kavia-common/Online-Examination-System-7903.git:kavia-master
2026-01-06 11:10:37,121 - Knowledge - INFO - Found code_base: <app.utils.kg_build.knowledge.KnowledgeCodeBase object at 0x7f8bbd8c6b50>
2026-01-06 11:10:37,334 - Knowledge - INFO - process ingested knowledge for /app/data/tataelxsimockapisolutions5451/7903/b9780y6/Online-Examination-System-7903/OnlineExamSystem/ShowAns.aspx.designer.cs
2026-01-06 11:10:37,528 - Knowledge - INFO - Found code-base-name: https://github.com/kavia-common/Online-Examination-System-7903.git:kavia-master
2026-01-06 11:10:37,697 - Knowledge - INFO - Found code_base: <app.utils.kg_build.knowledge.KnowledgeCodeBase object at 0x7f8bbd8c6b50>
2026-01-06 11:10:37,877 - Knowledge - INFO - process ingested knowledge for /app/data/tataelxsimockapisolutions5451/7903/b9780y6/Online-Examination-System-7903/OnlineExamSystem/SignUpPage.aspx.designer.cs
2026-01-06 11:10:38,066 - Knowledge - INFO - Found code-base-name: https://github.com/kavia-common/Online-Examination-System-7903.git:kavia-master
2026-01-06 11:10:38,263 - Knowledge - INFO - Found code_base: <app.utils.kg_build.knowledge.KnowledgeCodeBase object at 0x7f8bbd8c6b50>
2026-01-06 11:10:38,456 - Knowledge - INFO - process ingested knowledge for /app/data/tataelxsimockapisolutions5451/7903/b9780y6/Online-Examination-System-7903/OnlineExamSystem/DownloadPdf.aspx.cs
2026-01-06 11:10:38,614 - Knowledge - INFO - Found code-base-name: https://github.com/kavia-common/Online-Examination-System-7903.git:kavia-master
2026-01-06 11:10:38,790 - Knowledge - INFO - Found code_base: <app.utils.kg_build.knowledge.KnowledgeCodeBase object at 0x7f8bbd8c6b50>
2026-01-06 11:10:38,985 - Knowledge - INFO - process ingested knowledge for /app/data/tataelxsimockapisolutions5451/7903/b9780y6/Online-Examination-System-7903/OnlineExamSystem/ExamResult.aspx.cs
2026-01-06 11:10:39,183 - Knowledge - INFO - Found code-base-name: https://github.com/kavia-common/Online-Examination-System-7903.git:kavia-master
2026-01-06 11:10:39,350 - Knowledge - INFO - Found code_base: <app.utils.kg_build.knowledge.KnowledgeCodeBase object at 0x7f8bbd8c6b50>
2026-01-06 11:10:39,543 - Knowledge - INFO - process ingested knowledge for /app/data/tataelxsimockapisolutions5451/7903/b9780y6/Online-Examination-System-7903/OnlineExamSystem/EditTheory.aspx.designer.cs
2026-01-06 11:10:39,754 - Knowledge - INFO - Found code-base-name: https://github.com/kavia-common/Online-Examination-System-7903.git:kavia-master
2026-01-06 11:10:39,927 - Knowledge - INFO - Found code_base: <app.utils.kg_build.knowledge.KnowledgeCodeBase object at 0x7f8bbd8c6b50>
2026-01-06 11:10:40,071 - Knowledge - INFO - process ingested knowledge for /app/data/tataelxsimockapisolutions5451/7903/b9780y6/Online-Examination-System-7903/OnlineExamSystem/EditExam.aspx.designer.cs
2026-01-06 11:10:40,245 - Knowledge - INFO - Found code-base-name: https://github.com/kavia-common/Online-Examination-System-7903.git:kavia-master
2026-01-06 11:10:40,398 - Knowledge - INFO - Found code_base: <app.utils.kg_build.knowledge.KnowledgeCodeBase object at 0x7f8bbd8c6b50>
2026-01-06 11:10:40,601 - Knowledge - INFO - process ingested knowledge for /app/data/tataelxsimockapisolutions5451/7903/b9780y6/Online-Examination-System-7903/OnlineExamSystem/UserProfile.aspx.cs
2026-01-06 11:10:40,815 - Knowledge - INFO - Found code-base-name: https://github.com/kavia-common/Online-Examination-System-7903.git:kavia-master
2026-01-06 11:10:41,016 - Knowledge - INFO - Found code_base: <app.utils.kg_build.knowledge.KnowledgeCodeBase object at 0x7f8bbd8c6b50>
2026-01-06 11:10:41,246 - Knowledge - INFO - process ingested knowledge for /app/data/tataelxsimockapisolutions5451/7903/b9780y6/Online-Examination-System-7903/OnlineExamSystem/Dashboard.aspx.cs
2026-01-06 11:10:41,442 - Knowledge - INFO - Found code-base-name: https://github.com/kavia-common/Online-Examination-System-7903.git:kavia-master
2026-01-06 11:10:41,661 - Knowledge - INFO - Found code_base: <app.utils.kg_build.knowledge.KnowledgeCodeBase object at 0x7f8bbd8c6b50>
2026-01-06 11:10:41,821 - Knowledge - INFO - process ingested knowledge for /app/data/tataelxsimockapisolutions5451/7903/b9780y6/Online-Examination-System-7903/OnlineExamSystem/StartExam.aspx.designer.cs
2026-01-06 11:10:42,011 - Knowledge - INFO - Found code-base-name: https://github.com/kavia-common/Online-Examination-System-7903.git:kavia-master
2026-01-06 11:10:42,186 - Knowledge - INFO - Found code_base: <app.utils.kg_build.knowledge.KnowledgeCodeBase object at 0x7f8bbd8c6b50>
2026-01-06 11:10:42,347 - Knowledge - INFO - process ingested knowledge for /app/data/tataelxsimockapisolutions5451/7903/b9780y6/Online-Examination-System-7903/OnlineExamSystem/AdminPanel.aspx.designer.cs
2026-01-06 11:10:42,548 - Knowledge - INFO - Found code-base-name: https://github.com/kavia-common/Online-Examination-System-7903.git:kavia-master
2026-01-06 11:10:42,712 - Knowledge - INFO - Found code_base: <app.utils.kg_build.knowledge.KnowledgeCodeBase object at 0x7f8bbd8c6b50>
2026-01-06 11:10:42,883 - Knowledge - INFO - process ingested knowledge for /app/data/tataelxsimockapisolutions5451/7903/b9780y6/Online-Examination-System-7903/packages/Microsoft.CodeDom.Providers.DotNetCompilerPlatform.1.0.0/lib/net45/Microsoft.CodeDom.Providers.DotNetCompilerPlatform.xml
2026-01-06 11:10:43,071 - Knowledge - INFO - Found code-base-name: https://github.com/kavia-common/Online-Examination-System-7903.git:kavia-master
2026-01-06 11:10:43,239 - Knowledge - INFO - Found code_base: <app.utils.kg_build.knowledge.KnowledgeCodeBase object at 0x7f8bbd8c6b50>
2026-01-06 11:10:43,432 - Knowledge - INFO - process ingested knowledge for /app/data/tataelxsimockapisolutions5451/7903/b9780y6/Online-Examination-System-7903/OnlineExamSystem/Leaderboard.aspx.designer.cs
2026-01-06 11:10:43,619 - Knowledge - INFO - Found code-base-name: https://github.com/kavia-common/Online-Examination-System-7903.git:kavia-master
2026-01-06 11:10:43,776 - Knowledge - INFO - Found code_base: <app.utils.kg_build.knowledge.KnowledgeCodeBase object at 0x7f8bbd8c6b50>
2026-01-06 11:10:43,950 - Knowledge - INFO - process ingested knowledge for /app/data/tataelxsimockapisolutions5451/7903/b9780y6/Online-Examination-System-7903/OnlineExamSystem/MCQSet.aspx.designer.cs
2026-01-06 11:10:44,104 - Knowledge - INFO - Found code-base-name: https://github.com/kavia-common/Online-Examination-System-7903.git:kavia-master
2026-01-06 11:10:44,273 - Knowledge - INFO - Found code_base: <app.utils.kg_build.knowledge.KnowledgeCodeBase object at 0x7f8bbd8c6b50>
2026-01-06 11:10:44,476 - Knowledge - INFO - process ingested knowledge for /app/data/tataelxsimockapisolutions5451/7903/b9780y6/Online-Examination-System-7903/OnlineExamSystem/MCQExam.aspx.cs
2026-01-06 11:10:44,706 - Knowledge - INFO - Found code-base-name: https://github.com/kavia-common/Online-Examination-System-7903.git:kavia-master
2026-01-06 11:10:44,871 - Knowledge - INFO - Found code_base: <app.utils.kg_build.knowledge.KnowledgeCodeBase object at 0x7f8bbd8c6b50>
2026-01-06 11:10:45,042 - Knowledge - INFO - process ingested knowledge for /app/data/tataelxsimockapisolutions5451/7903/b9780y6/Online-Examination-System-7903/OnlineExamSystem/AdminCourseQueue.aspx.cs
2026-01-06 11:10:45,238 - Knowledge - INFO - Found code-base-name: https://github.com/kavia-common/Online-Examination-System-7903.git:kavia-master
2026-01-06 11:10:45,446 - Knowledge - INFO - Found code_base: <app.utils.kg_build.knowledge.KnowledgeCodeBase object at 0x7f8bbd8c6b50>
2026-01-06 11:10:45,601 - Knowledge - INFO - process ingested knowledge for /app/data/tataelxsimockapisolutions5451/7903/b9780y6/Online-Examination-System-7903/OnlineExamSystem/CSS/bootstrap.css
2026-01-06 11:10:45,760 - Knowledge - INFO - Found code-base-name: https://github.com/kavia-common/Online-Examination-System-7903.git:kavia-master
2026-01-06 11:10:46,001 - Knowledge - INFO - Found code_base: <app.utils.kg_build.knowledge.KnowledgeCodeBase object at 0x7f8bbd8c6b50>
2026-01-06 11:10:46,198 - Knowledge - INFO - process ingested knowledge for /app/data/tataelxsimockapisolutions5451/7903/b9780y6/Online-Examination-System-7903/OnlineExamSystem/UserProfile.aspx.designer.cs
2026-01-06 11:10:46,391 - Knowledge - INFO - Found code-base-name: https://github.com/kavia-common/Online-Examination-System-7903.git:kavia-master
2026-01-06 11:10:46,592 - Knowledge - INFO - Found code_base: <app.utils.kg_build.knowledge.KnowledgeCodeBase object at 0x7f8bbd8c6b50>
2026-01-06 11:10:46,746 - Knowledge - INFO - process ingested knowledge for /app/data/tataelxsimockapisolutions5451/7903/b9780y6/Online-Examination-System-7903/OnlineExamSystem/Dashboard.aspx.designer.cs
2026-01-06 11:10:46,929 - Knowledge - INFO - Found code-base-name: https://github.com/kavia-common/Online-Examination-System-7903.git:kavia-master
2026-01-06 11:10:47,128 - Knowledge - INFO - Found code_base: <app.utils.kg_build.knowledge.KnowledgeCodeBase object at 0x7f8bbd8c6b50>
2026-01-06 11:10:47,320 - Knowledge - INFO - process ingested knowledge for /app/data/tataelxsimockapisolutions5451/7903/b9780y6/Online-Examination-System-7903/OnlineExamSystem/TakenCourses.aspx.cs
2026-01-06 11:10:47,492 - Knowledge - INFO - Found code-base-name: https://github.com/kavia-common/Online-Examination-System-7903.git:kavia-master
2026-01-06 11:10:47,773 - Knowledge - INFO - Found code_base: <app.utils.kg_build.knowledge.KnowledgeCodeBase object at 0x7f8bbd8c6b50>
2026-01-06 11:10:47,938 - Knowledge - INFO - process ingested knowledge for /app/data/tataelxsimockapisolutions5451/7903/b9780y6/Online-Examination-System-7903/OnlineExamSystem/SetExam.aspx.cs
2026-01-06 11:10:48,134 - Knowledge - INFO - Found code-base-name: https://github.com/kavia-common/Online-Examination-System-7903.git:kavia-master
2026-01-06 11:10:48,293 - Knowledge - INFO - Found code_base: <app.utils.kg_build.knowledge.KnowledgeCodeBase object at 0x7f8bbd8c6b50>
2026-01-06 11:10:48,457 - Knowledge - INFO - process ingested knowledge for /app/data/tataelxsimockapisolutions5451/7903/b9780y6/Online-Examination-System-7903/OnlineExamSystem/EditMCQ.aspx.cs
2026-01-06 11:10:48,601 - Knowledge - INFO - Found code-base-name: https://github.com/kavia-common/Online-Examination-System-7903.git:kavia-master
2026-01-06 11:10:48,777 - Knowledge - INFO - Found code_base: <app.utils.kg_build.knowledge.KnowledgeCodeBase object at 0x7f8bbd8c6b50>
2026-01-06 11:10:48,932 - Knowledge - INFO - process ingested knowledge for /app/data/tataelxsimockapisolutions5451/7903/b9780y6/Online-Examination-System-7903/OnlineExamSystem/TheorySet.aspx.cs
2026-01-06 11:10:49,098 - Knowledge - INFO - Found code-base-name: https://github.com/kavia-common/Online-Examination-System-7903.git:kavia-master
2026-01-06 11:10:49,332 - Knowledge - INFO - Found code_base: <app.utils.kg_build.knowledge.KnowledgeCodeBase object at 0x7f8bbd8c6b50>
2026-01-06 11:10:49,495 - Knowledge - INFO - process ingested knowledge for /app/data/tataelxsimockapisolutions5451/7903/b9780y6/Online-Examination-System-7903/OnlineExamSystem/ShowAns.aspx.cs
2026-01-06 11:10:49,676 - Knowledge - INFO - Found code-base-name: https://github.com/kavia-common/Online-Examination-System-7903.git:kavia-master
2026-01-06 11:10:49,838 - Knowledge - INFO - Found code_base: <app.utils.kg_build.knowledge.KnowledgeCodeBase object at 0x7f8bbd8c6b50>
2026-01-06 11:10:50,063 - Knowledge - INFO - process ingested knowledge for /app/data/tataelxsimockapisolutions5451/7903/b9780y6/Online-Examination-System-7903/OnlineExamSystem/SignUpPage.aspx.cs
2026-01-06 11:10:50,246 - Knowledge - INFO - Found code-base-name: https://github.com/kavia-common/Online-Examination-System-7903.git:kavia-master
2026-01-06 11:10:50,399 - Knowledge - INFO - Found code_base: <app.utils.kg_build.knowledge.KnowledgeCodeBase object at 0x7f8bbd8c6b50>
2026-01-06 11:10:50,569 - Knowledge - INFO - process ingested knowledge for /app/data/tataelxsimockapisolutions5451/7903/b9780y6/Online-Examination-System-7903/README.md
2026-01-06 11:10:50,733 - Knowledge - INFO - Found code-base-name: https://github.com/kavia-common/Online-Examination-System-7903.git:kavia-master
2026-01-06 11:10:50,911 - Knowledge - INFO - Found code_base: <app.utils.kg_build.knowledge.KnowledgeCodeBase object at 0x7f8bbd8c6b50>
2026-01-06 11:10:51,073 - Knowledge - INFO - process ingested knowledge for /app/data/tataelxsimockapisolutions5451/7903/b9780y6/Online-Examination-System-7903/OnlineExamSystem/MCQExam.aspx.designer.cs
2026-01-06 11:10:51,270 - Knowledge - INFO - Found code-base-name: https://github.com/kavia-common/Online-Examination-System-7903.git:kavia-master
2026-01-06 11:10:51,432 - Knowledge - INFO - Found code_base: <app.utils.kg_build.knowledge.KnowledgeCodeBase object at 0x7f8bbd8c6b50>
2026-01-06 11:10:51,581 - Knowledge - INFO - process ingested knowledge for /app/data/tataelxsimockapisolutions5451/7903/b9780y6/Online-Examination-System-7903/database-script/README.md
2026-01-06 11:10:51,724 - Knowledge - INFO - Found code-base-name: https://github.com/kavia-common/Online-Examination-System-7903.git:kavia-master
2026-01-06 11:10:51,880 - Knowledge - INFO - Found code_base: <app.utils.kg_build.knowledge.KnowledgeCodeBase object at 0x7f8bbd8c6b50>
2026-01-06 11:10:52,085 - Knowledge - INFO - process ingested knowledge for /app/data/tataelxsimockapisolutions5451/7903/b9780y6/Online-Examination-System-7903/OnlineExamSystem/DownloadPdf.aspx.designer.cs
2026-01-06 11:10:52,276 - Knowledge - INFO - Found code-base-name: https://github.com/kavia-common/Online-Examination-System-7903.git:kavia-master
2026-01-06 11:10:52,479 - Knowledge - INFO - Found code_base: <app.utils.kg_build.knowledge.KnowledgeCodeBase object at 0x7f8bbd8c6b50>
2026-01-06 11:10:52,633 - Knowledge - INFO - process ingested knowledge for /app/data/tataelxsimockapisolutions5451/7903/b9780y6/Online-Examination-System-7903/OnlineExamSystem/EditExam.aspx.cs
2026-01-06 11:10:52,779 - Knowledge - INFO - Found code-base-name: https://github.com/kavia-common/Online-Examination-System-7903.git:kavia-master
2026-01-06 11:10:52,927 - Knowledge - INFO - Found code_base: <app.utils.kg_build.knowledge.KnowledgeCodeBase object at 0x7f8bbd8c6b50>
2026-01-06 11:10:53,122 - Knowledge - INFO - process ingested knowledge for /app/data/tataelxsimockapisolutions5451/7903/b9780y6/Online-Examination-System-7903/OnlineExamSystem/EditTheory.aspx.cs
2026-01-06 11:10:53,338 - Knowledge - INFO - Found code-base-name: https://github.com/kavia-common/Online-Examination-System-7903.git:kavia-master
2026-01-06 11:10:53,519 - Knowledge - INFO - Found code_base: <app.utils.kg_build.knowledge.KnowledgeCodeBase object at 0x7f8bbd8c6b50>
2026-01-06 11:10:53,673 - Knowledge - INFO - process ingested knowledge for /app/data/tataelxsimockapisolutions5451/7903/b9780y6/Online-Examination-System-7903/OnlineExamSystem/StartExam.aspx.cs
2026-01-06 11:10:53,844 - Knowledge - INFO - Found code-base-name: https://github.com/kavia-common/Online-Examination-System-7903.git:kavia-master
2026-01-06 11:10:53,981 - Knowledge - INFO - Found code_base: <app.utils.kg_build.knowledge.KnowledgeCodeBase object at 0x7f8bbd8c6b50>
2026-01-06 11:10:54,135 - Knowledge - INFO - process ingested knowledge for /app/data/tataelxsimockapisolutions5451/7903/b9780y6/Online-Examination-System-7903/OnlineExamSystem/AdminPanel.aspx.cs
2026-01-06 11:10:54,310 - Knowledge - INFO - Found code-base-name: https://github.com/kavia-common/Online-Examination-System-7903.git:kavia-master
2026-01-06 11:10:54,468 - Knowledge - INFO - Found code_base: <app.utils.kg_build.knowledge.KnowledgeCodeBase object at 0x7f8bbd8c6b50>
2026-01-06 11:10:54,621 - Knowledge - INFO - process ingested knowledge for /app/data/tataelxsimockapisolutions5451/7903/b9780y6/Online-Examination-System-7903/OnlineExamSystem/ExamResult.aspx.designer.cs
2026-01-06 11:10:54,762 - Knowledge - INFO - Found code-base-name: https://github.com/kavia-common/Online-Examination-System-7903.git:kavia-master
2026-01-06 11:10:54,930 - Knowledge - INFO - Found code_base: <app.utils.kg_build.knowledge.KnowledgeCodeBase object at 0x7f8bbd8c6b50>
2026-01-06 11:10:55,144 - Knowledge - INFO - process ingested knowledge for /app/data/tataelxsimockapisolutions5451/7903/b9780y6/Online-Examination-System-7903/OnlineExamSystem/LoginPage.aspx.designer.cs
2026-01-06 11:10:55,300 - Knowledge - INFO - Found code-base-name: https://github.com/kavia-common/Online-Examination-System-7903.git:kavia-master
2026-01-06 11:10:55,499 - Knowledge - INFO - Found code_base: <app.utils.kg_build.knowledge.KnowledgeCodeBase object at 0x7f8bbd8c6b50>
2026-01-06 11:10:55,661 - Knowledge - INFO - process ingested knowledge for /app/data/tataelxsimockapisolutions5451/7903/b9780y6/Online-Examination-System-7903/OnlineExamSystem/TheoryExam.aspx.designer.cs
2026-01-06 11:10:55,822 - Knowledge - INFO - Found code-base-name: https://github.com/kavia-common/Online-Examination-System-7903.git:kavia-master
2026-01-06 11:10:55,964 - Knowledge - INFO - Found code_base: <app.utils.kg_build.knowledge.KnowledgeCodeBase object at 0x7f8bbd8c6b50>
2026-01-06 11:10:56,159 - Knowledge - INFO - process ingested knowledge for /app/data/tataelxsimockapisolutions5451/7903/b9780y6/Online-Examination-System-7903/OnlineExamSystem/Leaderboard.aspx.cs
2026-01-06 11:10:56,400 - Knowledge - INFO - Found code-base-name: https://github.com/kavia-common/Online-Examination-System-7903.git:kavia-master
2026-01-06 11:10:56,561 - Knowledge - INFO - Found code_base: <app.utils.kg_build.knowledge.KnowledgeCodeBase object at 0x7f8bbd8c6b50>
2026-01-06 11:10:56,735 - Knowledge - INFO - process ingested knowledge for /app/data/tataelxsimockapisolutions5451/7903/b9780y6/Online-Examination-System-7903/OnlineExamSystem/AdminQueue.aspx.designer.cs
2026-01-06 11:10:56,930 - Knowledge - INFO - Found code-base-name: https://github.com/kavia-common/Online-Examination-System-7903.git:kavia-master
2026-01-06 11:10:57,075 - Knowledge - INFO - Found code_base: <app.utils.kg_build.knowledge.KnowledgeCodeBase object at 0x7f8bbd8c6b50>
2026-01-06 11:10:57,262 - Knowledge - INFO - process ingested knowledge for /app/data/tataelxsimockapisolutions5451/7903/b9780y6/Online-Examination-System-7903/OnlineExamSystem/AdminLeaderboard.aspx.designer.cs
2026-01-06 11:10:57,425 - Knowledge - INFO - Found code-base-name: https://github.com/kavia-common/Online-Examination-System-7903.git:kavia-master
2026-01-06 11:10:57,587 - Knowledge - INFO - Found code_base: <app.utils.kg_build.knowledge.KnowledgeCodeBase object at 0x7f8bbd8c6b50>
2026-01-06 11:10:57,735 - Knowledge - INFO - process ingested knowledge for /app/data/tataelxsimockapisolutions5451/7903/b9780y6/Online-Examination-System-7903/OnlineExamSystem/MCQSet.aspx.cs
2026-01-06 11:10:57,894 - Knowledge - INFO - Loaded 50 files from persisted knowledge
2026-01-06 11:10:58,058 - Knowledge - INFO - load persisted knowledge: end
2026-01-06 11:10:58,274 - Knowledge - INFO - Redis support added with prefix knowledge:b9780y6:
2026-01-06 11:10:58,567 - Knowledge - INFO - Starting knowledge initialization for ID: WfEZNi-b9780y6
2026-01-06 11:10:58,735 - Knowledge - INFO - 🔍 Checking Redis for build_id: b9780y6
2026-01-06 11:10:58,940 - Knowledge - INFO - 🔍 Full session ID: WfEZNi-b9780y6
2026-01-06 11:10:59,121 - Knowledge - INFO - 🔍 Redis prefix will be: knowledge:b9780y6:
2026-01-06 11:10:59,334 - Knowledge - INFO - 🔍 Using attached load_from_redis() method
2026-01-06 11:10:59,494 - Knowledge - INFO - 🔍 Attempting to load knowledge from Redis...
2026-01-06 11:10:59,634 - Knowledge - INFO - 🔍 Using derived instance_id for Redis lookup: b9780y6
2026-01-06 11:10:59,819 - Knowledge - INFO - ✅ Redis cache found! Loading knowledge...
2026-01-06 11:10:59,972 - Knowledge - INFO - ✅ Successfully loaded from Redis: 50 files
2026-01-06 11:11:00,166 - Knowledge - INFO - ✅ Redis load complete: 50 files in 0.83s
2026-01-06 11:11:00,341 - Knowledge - INFO - ⚡ Total Redis path: 0.83s (vs ~300s from disk)
2026-01-06 11:11:00,547 - Knowledge - INFO - Saving knowledge to Redis...
2026-01-06 11:11:00,804 - Knowledge - INFO - Knowledge saved to Redis successfully
